count,date,btc_index,eth_per,ltc_per,txVolume(USD),txCount,marketcap(USD),price(USD),exchangeVolume(USD),generatedCoins,fees,activeAddresses,count_vendors,sum,txVolume(USD)_e_e,txCount_e_e,marketcap(USD)_e_e,price(USD)_e_e,exchangeVolume(USD)_e_e,generatedCoins_e_e,fees_e_e,activeAddresses_e_e,txVolume(USD)_l,txCount_l,marketcap(USD)_l,price(USD)_l,exchangeVolume(USD)_l,generatedCoins_l,fees_l,activeAddresses_l,Price_futures,VIX Close,cyber_attack_index,hashrate,diff,dum_future,btc_per,cyber_attack
1,12/12/17,59,7,22,45542037889,372821,2.83E+11,16919.8,14603800000,1950,537.9440791,null,29,10974,7379303372,1318300,50286400000,522.29,5179830000,17280.28125,1559.061195,413363,7638160590,156717,11528600000,212.46,6961680000,14250,360.900449,null,"18,020",9.92,41,13523349.5,1.59E+12,1,5074,123
2,12/13/17,53,8,13,48353069371,424393,2.93E+11,17500,12976900000,2325,604.2979452,null,28,11002,7121890999,1137119,62105600000,644.91,4524540000,18906.09375,1445.2853,439381,7687014672,136446,17116500000,315.36,3409790000,15525,482.9175264,null,"17,055",10.18,37,12337090.77,1.59E+12,1,4558,111
3,12/14/17,46,6,9,37521936560,490459,2.74E+11,16384.6,13777400000,2312.5,644.6079443,null,37,11039,8546375984,942559,67482900000,700.59,3821580000,20787.65625,1714.108153,464401,3748563097,143609,16352400000,301.2,2114880000,15750,321.9625766,null,"16,800",10.49,47,14709608.23,1.59E+12,1,3956,141
4,12/15/17,42,5,6,35932354892,405507,2.78E+11,16601.3,14310000000,2112.499999,592.7039343,null,20,11059,7038718838,904346,67090900000,696.38,2758710000,20829.84375,1455.136989,428066,4179439512,116514,15258500000,280.97,2599940000,15300,128.0333299,null,"18,105",9.42,33,14630524.31,1.59E+12,1,3612,99
5,12/16/17,42,4,5,34015547808,364051,2.97E+11,17760.3,12740600000,2137.5,534.0113834,null,22,11081,5698556827,899857,66124200000,686.19,2165690000,20382.375,1468.251251,403701,2582663925,108366,16260700000,299.34,1291380000,17075,115.7910757,null,"18,828",9.42,23,13365181.67,1.59E+12,1,3612,69
6,12/17/17,47,5,5,37469204186,391725,3.26E+11,19475.8,13314600000,2312.5,535.4386753,null,7,11088,5619825553,876574,67106400000,696.24,2147390000,20346.9375,1172.634386,401425,2898540083,107871,16398800000,301.78,1703580000,15150,126.3619212,null,"19,550",9.42,35,13523349.5,1.59E+12,1,4700,105
7,12/18/17,47,5,5,46053266584,394057,3.20E+11,19106.4,14839500000,2275,587.1254837,null,13,11101,6265539681,984021,69578400000,721.73,3249230000,20561.71875,1161.928902,470458,2792750736,110604,17336500000,318.95,1966600000,15100,200.262691,null,"19,055",9.53,24,14630524.31,1.59E+12,1,4700,72
8,12/19/17,51,7,6,27921654891,378482,3.20E+11,19118.3,16894500000,1750,662.5955054,null,21,11122,8953367689,1092234,76552200000,793.9,4096550000,20631.375,1487.482223,503282,5938053298,138052,19525500000,359.13,2150480000,13425,143.0726058,null,"17,555",10.03,88,16946489.24,1.72E+12,1,5100,264
9,12/20/17,68,5,6,28925969429,370141,2.98E+11,17760.3,22149700000,1700,911.5917428,null,15,11137,10787319533,986104,79810600000,827.52,3969940000,20631.375,1731.489837,493821,5435595188,143881,19012500000,349.6,2104060000,14075,673.7298404,null,"16,700",9.72,46,13035760.95,1.87E+12,1,6800,138
10,12/21/17,53,5,5,21021432317,335350,2.79E+11,16642.4,16516600000,1650,1128.76167,null,13,11150,10869093025,1072665,79125300000,820.24,3569060000,20414.8125,1760.206791,538200,11756695462,162372,17116600000,314.66,1555940000,14100,752.6136196,null,"15,290",9.62,41,12663310.64,1.87E+12,1,5300,123
11,12/22/17,100,6,7,21320968720,380493,2.66E+11,15898,22198000000,1937.5,1495.946477,null,15,11165,11834908291,1103523,79374400000,822.64,4977710000,20571.28125,1640.148074,568083,4639956648,149956,17371200000,319.26,2938040000,14925,534.8413266,null,"13,960",9.9,24,12290860.32,1.87E+12,1,10000,72
12,12/23/17,62,4,4,17876947895,308072,2.34E+11,13948.7,13086000000,1737.5,1065.615595,null,8,11173,6485777934,918881,65752100000,681.32,2480340000,20835.28125,1207.05967,451497,2583424365,117738,14655200000,269.27,1352580000,15100,335.6083963,null,"13,875",9.9,10,14432449.62,1.87E+12,1,6200,30
13,12/24/17,47,3,3,16206983431,279371,2.45E+11,14608.2,11572300000,1900,881.1213628,null,7,11180,5365151225,758234,69671200000,721.77,2300550000,20504.15625,1024.10605,346299,1642982738,81111,15842900000,291.01,1122910000,15375,202.998965,null,"13,833",9.9,18,12942648.37,1.87E+12,1,2914,18
14,12/25/17,40,3,2,19532753166,228791,2.35E+11,13995.9,10664700000,1687.5,689.394412,null,4,11184,4380048429,752361,67475100000,698.87,2491760000,20446.875,756.7676749,359699,1358163087,77925,15111400000,277.49,804377000,14100,172.9878204,null,"13,790",9.9,10,14153111.89,1.87E+12,1,2480,10
15,12/26/17,40,3,3,24633024693,247298,2.35E+11,14036.6,13454300000,1775,725.6238182,null,11,11195,6763153532,813510,73717800000,763.37,2201160000,20383.6875,743.0628659,397072,1206437969,82613,14876400000,273.11,842993000,15525,183.8221926,null,"15,810",10.25,16,12570198.06,1.87E+12,1,2480,16
16,12/27/17,37,3,3,27522917857,307486,2.71E+11,16163.5,12487600000,1950,784.8171235,null,19,11214,7865086383,912752,74854100000,774.97,2100030000,20533.125,826.1818048,425319,1799705552,112765,15615200000,286.59,777138000,14900,267.5139468,null,"14,945",10.47,26,13221986.11,1.87E+12,1,2294,26
17,12/28/17,38,3,3,22350204742,304904,2.66E+11,15864.1,12336500000,1862.5,785.8338917,null,18,11232,9632919662,949503,73637100000,762.21,2389150000,20434.125,832.9628957,452867,3283120851,111207,14831200000,272.13,2593240000,14825,321.6631363,null,"13,755",10.18,15,14525562.2,1.87E+12,1,2356,15
18,12/29/17,33,3,2,21928912582,353659,2.46E+11,14695.8,13025500000,2062.5,785.7950496,null,16,11248,10883827032,1090191,71544300000,740.39,2648970000,20461.21875,1007.437081,544454,5112717920,155481,13648200000,250.35,1392210000,14950,231.1299415,null,"14,550",11.04,11,13873774.15,1.87E+12,1,2046,11
19,12/30/17,33,3,3,20847802427,344260,2.46E+11,14681.9,14452600000,1825,778.5711097,null,3,11251,12309976248,1136659,72856900000,753.82,3187780000,20547.46875,972.7447595,582402,1770454678,141900,13364800000,245.09,943667000,14900,441.5243002,null,"14,065",11.04,16,15363575.41,1.87E+12,1,2046,16
20,12/31/17,28,3,2,13686043242,290259,2.16E+11,12897.7,12136300000,2037.5,545.1445262,null,6,11257,6448929794,946981,68850800000,712.21,2554270000,20454.75,871.2215219,440955,3100976079,105948,11835100000,216.97,771042000,14300,396.2764514,null,"13,823",11.04,20,13687549,1.87E+12,1,1344,40
21,1/1/18,46,4,3,14286973592,241601,2.37E+11,14112.2,10291200000,1950,469.4130365,null,2,11259,6237383004,908945,73075800000,755.76,2595760000,20623.96875,768.4409065,453141,1395521844,83076,12639700000,231.67,633142000,13700,158.744685,null,"13,580",11.04,11,15177350.25,1.87E+12,1,2208,22
22,1/2/18,54,8,4,21070141546,340809,2.29E+11,13625,16846600000,2137.5,649.1649763,null,10,11269,10807957387,1153936,74695700000,772.35,5783350000,20561.0625,1053.030166,588283,2788360226,127924,12496900000,228.99,1237950000,13875,214.3074111,null,"15,055",9.77,16,14975580.96,1.92E+12,1,2592,32
23,1/3/18,54,8,4,20793365454,395806,2.51E+11,14978.2,16871900000,1962.5,749.6854726,null,13,11282,12393184008,1238030,85703500000,886,5093160000,20599.21875,1240.294973,631268,3437430415,186764,13957800000,255.69,3215280000,14400,330.1692951,null,"14,995",9.15,14,16415540.67,1.93E+12,1,2592,28
24,1/4/18,52,10,5,22292265232,424840,2.56E+11,15270.7,21783200000,2100,778.2610948,null,13,11295,19471098885,1349890,93049400000,961.71,6502860000,20963.25,1483.652749,704785,5194453690,225860,13403400000,245.47,3481550000,15650,485.6629746,null,"14,945",9.22,20,15071578.27,1.93E+12,1,2496,40
25,1/5/18,52,8,4,25900974434,342564,2.60E+11,15477.2,23840900000,1787.499999,701.3560209,null,15,11310,18083099228,1271577,94423900000,975.75,6683150000,20917.5,3180.85648,692926,7836194763,197217,13164800000,241.03,1710600000,14225,370.0649165,null,"16,775",9.22,8,16127548.73,1.93E+12,1,2496,16
26,1/6/18,46,7,5,32777363199,358679,2.93E+11,17462.1,18314600000,2100,694.4779056,null,9,11319,15341970466,1226417,96326500000,995.15,4662220000,20948.90625,3641.860338,659530,4062482917,173712,13645300000,249.77,2264740000,14100,332.887278,null,"15,858",9.22,22,13727615.88,1.93E+12,1,2208,44
27,1/7/18,45,9,4,38152383783,368025,2.94E+11,17527.3,15866000000,2025,686.1140025,null,15,11334,12825937015,1152722,1.01E+11,1043.01,5569880000,21180.1875,2910.38204,599292,3764573900,143412,16178100000,296.05,1055400000,13275,176.3400634,null,"16,240",9.22,17,16127548.73,1.93E+12,1,2025,34
28,1/8/18,51,11,4,28755019698,345506,2.77E+11,16476.2,18413900000,2075,694.5264055,null,10,11344,17551600313,1215473,1.12E+11,1158.26,8450970000,20603.4375,2944.30486,645894,2869497082,146511,15726800000,287.73,1182080000,14025,168.230445,null,"14,940",9.52,20,15551564.84,1.93E+12,1,2295,40
29,1/9/18,48,10,4,23699755586,360101,2.54E+11,15123.7,16660000000,2050,752.4182028,null,11,11355,18481672680,1256240,1.11E+11,1146,7965460000,20735.8125,3091.626897,701525,2755253421,145848,13920200000,254.61,940825000,13475,167.3666241,null,"14,790",10.08,25,15935554.1,1.93E+12,1,2160,50
30,1/10/18,50,12,4,21480822245,347227,2.45E+11,14588.5,18500800000,2075,720.3257009,null,14,11369,22594117878,1177685,1.26E+11,1300.34,9214950000,21081.9375,3696.646402,645542,2317186688,140304,13566300000,248.07,1009910000,13875,165.9220085,null,"14,445",9.82,18,15743559.47,1.93E+12,1,2250,36
31,1/11/18,56,10,3,18718517841,337766,2.51E+11,14968.2,16534100000,2412.5,697.4408335,null,18,11387,20036882281,1173965,1.23E+11,1268.09,7235900000,21031.40625,3132.478755,650420,2056890952,120843,13758400000,251.52,1079390000,14675,134.128334,null,"13,320",9.88,24,15935554.1,1.93E+12,1,2520,48
32,1/12/18,46,8,3,16490708794,299913,2.26E+11,13453.9,12065700000,2225,617.6357942,null,24,11411,14500776314,1118757,1.12E+11,1158.29,5222300000,20917.125,2324.709276,593833,1812515985,106887,12572900000,229.79,691160000,13625,133.7344455,null,"13,800",10.16,19,18527481.57,1.93E+12,1,2070,38
33,1/13/18,41,8,3,12748028051,265586,2.34E+11,13952.4,12763600000,1862.5,528.466321,null,12,11423,12163842612,1179321,1.23E+11,1270.47,5746760000,20679.09375,2411.655583,631489,1677756243,93443,12964300000,236.88,961043000,14275,133.6165239,null,"13,750",10.16,11,17087521.86,1.93E+12,1,1845,22
34,1/14/18,37,7,3,12266702310,234890,2.41E+11,14370.8,11084100000,1937.5,491.3244648,null,11,11434,34772491599,1081593,1.36E+11,1397.48,4841630000,21025.875,2236.838276,579714,2196018583,88779,14265000000,260.58,886415000,15750,109.8890558,null,"13,700",10.16,9,16501289.11,2.13E+12,1,2109,27
35,1/15/18,38,7,2,13172946669,273473,2.31E+11,13767.3,12750800000,1875,510.1176178,null,14,11448,16006341545,1206420,1.32E+11,1365.21,4781100000,20413.875,2227.026798,694739,1702216665,90381,12993700000,237.29,601770000,13975,117.0398274,null,"13,570",10.16,27,17165770.55,2.23E+12,1,2166,81
36,1/16/18,75,10,4,28204175767,303566,2.33E+11,13836.1,18853800000,1987.5,606.3824601,null,14,11462,19751150384,1277936,1.25E+11,1292.63,8405140000,20887.59375,2229.81191,719093,2348522411,117447,12752100000,232.82,1405070000,15350,146.2436026,null,"11,055",11.66,21,16612036.02,2.23E+12,1,4275,63
37,1/17/18,100,11,4,17637597012,315604,1.92E+11,11431.1,18830600000,2087.5,675.0966865,null,11,11473,16995470507,1277083,1.03E+11,1061.34,8545160000,20843.25,2069.225744,703314,1563652132,113111,10417800000,190.15,1422490000,15100,148.5842039,null,"11,055",11.91,29,17608758.18,2.23E+12,1,5700,87
38,1/18/18,69,8,3,15128920554,309322,1.88E+11,11198.8,15020400000,2162.5,656.8975354,null,9,11482,14016567260,1205184,98642100000,1016.44,5938320000,20549.0625,2153.066739,669433,1408148569,95276,10245500000,186.95,936784000,14625,121.2156036,null,"11,765",12.22,32,18494733.44,2.23E+12,1,3933,96
39,1/19/18,51,6,2,11760289034,243454,1.92E+11,11429.8,10740400000,2062.5,491.4899943,null,23,11505,9405274223,1043257,99863900000,1028.82,4084450000,20638.6875,1866.326524,529465,868830132,70009,10480800000,191.19,560284000,14750,97.42426049,null,"11,400",11.27,21,19159214.88,2.23E+12,1,2907,63
40,1/20/18,42,5,2,10643662158,240433,1.96E+11,11656.2,11801700000,2225,429.4031975,null,17,11522,8161104134,984489,1.01E+11,1044.95,3975190000,20760.9375,1776.83102,450907,774985627.5,66798,10658300000,194.38,540786000,14475,86.79967949,null,"11,495",11.27,12,18273239.62,2.23E+12,1,2394,36
41,1/21/18,38,5,2,9135857725,215435,2.17E+11,12889.2,9935180000,2337.5,343.3626963,null,8,11530,8620990345,1006530,1.12E+11,1155.68,3378090000,20274.65625,1323.960385,582462,651386353.5,55466,11585700000,211.24,463516000,14100,74.97143,null,"11,590",11.27,17,19712949.41,2.23E+12,1,1406,51
42,1/22/18,46,5,2,11990946776,245395,1.96E+11,11633.1,10537400000,2087.5,314.6125395,null,15,11545,9436835033,972911,1.03E+11,1055.35,3810100000,20564.625,1196.762657,496788,743153842,61730,10521900000,191.79,494091000,14550,83.96600813,null,"10,215",11.03,30,20709671.57,2.23E+12,1,1702,90
43,1/23/18,44,5,2,11920415582,271759,1.84E+11,10944.5,9660610000,2212.5,285.9580052,null,11,11556,8648758338,928494,97554300000,1004.17,3556700000,20488.3125,1439.10428,459296,534811147,59717,9892990000,180.28,441765000,14300,83.39240562,null,"10,975",11.1,34,18494733.44,2.23E+12,1,1628,102
44,1/24/18,41,5,2,11955565338,250247,1.83E+11,10903.4,9940990000,2200,283.498099,null,11,11567,8507204809,913668,95952700000,987.48,3944040000,20575.40625,1292.593055,438353,945719807.7,59072,9793780000,178.43,375949000,14825,81.27281883,null,"11,195",11.47,42,19602202.5,2.23E+12,1,1517,126
45,1/25/18,38,5,2,9754662057,236422,1.92E+11,11421.7,8873170000,1975,220.8544664,null,12,11579,4363645979,788515,1.03E+11,1063.22,4050190000,20337.5625,1058.460298,358124,726123359.5,61836,9968750000,181.56,363138000,14400,80.38271757,null,"11,300",11.58,27,19491455.6,2.23E+12,1,1406,81
46,1/26/18,39,4,2,11742366541,220304,1.89E+11,11256,9746200000,1937.5,209.132216,null,10,11589,10486316063,953429,1.02E+11,1052.7,3617690000,20401.03125,958.7589109,463443,826360183.3,57452,9875590000,179.82,375477000,16325,81.52443368,null,"10,940",11.08,24,20445148.56,2.46E+12,1,1443,72
47,1/27/18,32,4,2,6929334038,193421,1.88E+11,11174.9,7583270000,1962.5,168.2546936,null,7,11596,6785462058,831992,1.03E+11,1055.75,3002870000,20423.0625,816.4639799,401483,488094619.4,49382,9705020000,176.66,291633000,16025,85.70112964,null,"11,320",11.08,13,20056949.54,2.60E+12,1,1184,39
48,1/28/18,31,5,2,11038244789,213288,1.93E+11,11475.3,8350360000,1975,155.3448557,null,8,11604,8142963937,889104,1.08E+11,1111.78,5372330000,20563.3125,887.8234055,419512,1742925630,51278,9969420000,181.42,363515000,14375,80.34408795,null,"11,700",11.08,8,20315748.89,2.60E+12,1,1209,24
49,1/29/18,32,5,2,9673896110,232028,1.98E+11,11755.5,7107360000,1850,145.7511292,null,19,11623,9938016883,936845,1.21E+11,1246.7,3715080000,20556.75,1275.091189,453837,1205746266,50067,10649800000,193.75,303561000,15600,73.7643374,null,"11,170",13.84,30,20445148.56,2.60E+12,1,1248,90
50,1/30/18,36,4,2,9215469711,236442,1.90E+11,11306.8,8637860000,2087.5,160.3009039,null,11,11634,10066164616,906578,1.15E+11,1184.13,4107860000,20304.9375,1062.581045,433203,1297252658,55270,9976170000,181.44,433227000,15500,79.55434222,null,"10,115",14.79,21,19151151.82,2.60E+12,1,1404,63
51,1/31/18,38,5,2,7689823496,204159,1.70E+11,10108.2,8041160000,1462.5,162.2062363,null,11,11645,8807713606,877284,1.04E+11,1071.09,3757560000,20533.875,1068.648285,435645,563403104.7,54531,9090870000,165.3,363293000,13625,82.43093168,null,"9,955",13.54,19,21609745.63,2.60E+12,1,1482,57
52,2/1/18,49,5,2,10437874264,257504,1.72E+11,10237.3,9959400000,2000,214.0275449,null,10,11655,9281152796,1008759,1.09E+11,1119.37,5261680000,20546.625,1550.754475,487375,668611085.9,57962,9004330000,163.68,539880000,15675,84.50428941,null,"9,080",13.47,21,15139761.91,2.60E+12,1,1911,63
53,2/2/18,64,6,2,10418735070,235750,1.54E+11,9142.28,12726900000,2100,274.3625824,null,8,11663,11525863620,981133,1.01E+11,1035.77,6713290000,20638.96875,1202.446582,480520,690100829.2,66669,7844710000,142.56,815540000,13975,98.03971275,null,"8,500",17.31,19,20703947.91,2.60E+12,1,2496,57
54,2/3/18,43,4,2,6166344342,194733,1.49E+11,8852.12,7263790000,1975,146.9277694,null,6,11669,5731240776,814486,89507600000,919.21,3243480000,20321.71875,887.3781805,387178,471489636.4,49384,7232410000,131.4,687676000,15575,71.11762704,null,"8,330",17.31,9,21739145.31,2.60E+12,1,1677,27
55,2/4/18,37,4,3,5630156386,173509,1.55E+11,9175.7,7073550000,2225,111.3166981,null,1,11670,4901708977,800876,93953400000,964.67,2997090000,20315.4375,844.7711172,391709,1127520500,45225,8829970000,160.38,1006080000,15000,74.24730261,null,"8,160",17.31,20,20445148.56,2.60E+12,1,1739,60
56,2/5/18,64,6,2,12235146915,216178,1.39E+11,8270.54,9285290000,2312.499999,173.7675019,null,17,11687,6017923284,875761,81337400000,834.96,4269530000,20633.8125,873.2099938,421743,915761710.6,51043,8190580000,148.73,844678000,14850,82.60763942,null,"7,055",37.32,19,23033142.05,2.60E+12,1,3008,57
57,2/6/18,81,6,2,10209584543,243950,1.19E+11,7051.75,13999800000,2125,164.2699857,null,9,11696,6306822928,888219,68958700000,707.74,6518270000,20381.625,925.6717158,426816,696292812.2,59946,7024630000,127.52,1148410000,16275,84.30704415,null,"7,580",29.98,31,23938939.78,2.60E+12,1,3807,93
58,2/7/18,51,4,2,7383538359,213578,1.31E+11,7755.49,9169280000,1762.5,123.521091,null,13,11709,5559680836,818625,77032000000,790.43,3896180000,20433.75,850.5918108,392057,706127472,50320,7851100000,142.48,817808000,14275,76.27749761,null,"8,265",27.73,28,24293141.32,2.61E+12,1,2397,84
59,2/8/18,43,4,2,7389507380,173158,1.29E+11,7637.86,9346750000,1637.5,87.98500449,null,5,11714,2760098148,681344,73676900000,755.84,3708190000,20382.09375,654.7476574,320195,551998188.9,37148,7624630000,138.34,869207000,15700,60.34889945,null,"8,280",33.46,19,20149017.21,2.87E+12,1,2021,57
60,2/9/18,38,3,2,7502707124,177725,1.39E+11,8271.84,6784820000,1687.5,88.36425123,null,18,11732,4217831833,789807,79799300000,818.48,2495820000,20271.75,702.0943083,370461,557879744.7,44811,8254980000,149.73,722205000,14775,75.34250322,null,"8,600",29.06,22,18720008.9,2.87E+12,1,1786,66
61,2/10/18,30,3,2,11259806019,181640,1.47E+11,8720.08,7780960000,1787.5,88.79565618,null,2,11734,5103971205,848390,86055600000,882.47,2930530000,20690.34375,761.9957778,390967,853366105.3,46594,9015890000,163.49,576328000,13600,80.29722133,null,"8,335",29.06,26,19291612.22,2.87E+12,1,1410,78
62,2/11/18,27,3,1,9520593485,147057,1.45E+11,8616.13,6122190000,1887.5,61.96458348,null,2,11736,3435390406,773496,83813000000,859.29,2486650000,20119.40625,646.1928564,347348,509249175.7,36009,8571530000,155.39,495720000,14600,59.68257197,null,"8,070",29.06,25,20434818.87,2.87E+12,1,729,100
63,2/12/18,31,3,1,11113984445,186752,1.37E+11,8141.43,6256440000,2075,69.96971094,null,4,11740,3809068384,829020,79754400000,817.51,2243450000,20490.84375,642.8145243,395976,386277395.4,40374,8282050000,150.1,535710000,14625,63.8652649,null,"8,835",25.61,35,21578025.52,2.87E+12,1,837,140
64,2/13/18,28,3,1,8924752165,182820,1.51E+11,8926.72,5696720000,2050,68.57325292,null,12,11752,5603860693,745822,84824200000,869.29,2081170000,20444.4375,631.4701095,337582,2742799231,41515,8928360000,161.78,483468000,15100,64.96108846,null,"8,685",24.97,30,23721537.99,2.87E+12,1,756,120
65,2/14/18,29,3,5,9585133738,196238,1.45E+11,8599.92,7909820000,2237.5,63.75846926,null,6,11758,4132727550,746384,82400600000,844.28,2818370000,20052.5625,642.0372003,356928,1113145419,62134,8809590000,159.58,2383340000,14575,105.8824202,null,"8,685",19.26,32,23435736.33,2.87E+12,1,783,128
66,2/15/18,31,3,4,9046158952,198052,1.60E+11,9488.32,9062540000,1637.5,64.08005499,null,8,11766,5083084029,777318,90173300000,923.73,2900100000,20603.53125,634.5970788,369499,1940812799,64146,11725700000,212.35,2087290000,14600,107.9589802,null,"10,095",19.13,28,25579248.8,2.87E+12,1,837,112
67,2/16/18,27,3,3,6879188520,187581,1.71E+11,10135.7,7296160000,1962.5,58.25713445,null,10,11776,4069546922,704758,91272100000,934.79,2369450000,20377.125,601.5821349,312693,944142622.5,55687,12455300000,225.5,1300090000,14525,81.52802594,null,"10,135",19.46,25,18720008.9,2.87E+12,1,729,100
68,2/17/18,26,3,3,11315638700,173640,1.72E+11,10207.5,8660880000,1862.5,48.63875388,null,2,11778,3960978389,772079,92264000000,944.75,2525720000,20548.5,678.7687933,318129,2523532705,63949,12679700000,229.5,863401000,15275,94.10628227,null,"10,263",19.46,11,22435430.51,2.87E+12,1,702,44
69,2/18/18,27,3,4,14588036499,159333,1.88E+11,11123.4,8744010000,2025,44.58328081,null,9,11787,4050398619,756092,95077100000,973.35,2567290000,20346.09375,766.1450479,314608,2004310692,75280,12738800000,230.51,1011120000,14925,114.9530957,null,"10,390",19.46,12,21292223.86,2.87E+12,1,648,36
70,2/19/18,25,3,3,15274937955,187205,1.78E+11,10552.6,7652090000,2025,50.9081119,null,9,11796,3515123304,811384,90047700000,921.67,2169020000,20427.375,656.1792604,356302,686853662,55631,11907900000,215.41,767597000,13950,91.22523762,null,"11,210",19.46,20,23149934.67,2.87E+12,1,600,60
71,2/20/18,28,3,4,11256696602,198314,1.90E+11,11231.8,9926540000,1762.5,52.23072575,null,9,11805,4203523591,886897,92206500000,943.57,2545260000,20407.3125,745.4169636,378453,746941072,57841,12335100000,223.09,1739670000,14650,97.08622136,null,"11,685",20.6,21,23149934.67,2.87E+12,1,672,63
72,2/21/18,28,3,3,12215613119,205032,1.92E+11,11372.2,9405340000,2112.5,40.68256761,null,10,11815,3894221425,850504,87394200000,894.13,2531730000,20670.5625,741.308288,351754,678587623,47113,12773200000,230.95,1195820000,14750,78.77866681,null,"10,340",20.02,26,21079198.67,2.97E+12,1,672,78
73,2/22/18,26,3,2,12015582852,183086,1.80E+11,10660.4,8040080000,1862.5,37.60222865,null,5,11820,4813951401,761893,83025800000,849.26,2150370000,20403.09375,614.7200116,329591,1048006594,43229,11774800000,212.84,974379000,14800,74.08820271,null,"10,015",18.72,27,25265138.83,3.01E+12,1,624,81
74,2/23/18,23,2,2,7347626606,185045,1.68E+11,9937.07,7739500000,1850,73.94810594,null,9,11829,2561777240,733084,79358900000,811.59,2334820000,20661,626.4113855,315849,613925198.6,41534,10746100000,194.19,1065680000,15075,71.1694513,null,"9,920",16.49,24,22275181.57,3.01E+12,1,552,72
75,2/24/18,20,2,1,6208455871,154389,1.74E+11,10287.7,6917930000,1812.5,96.10766905,null,5,11834,2506233624,732861,84266700000,861.59,1926580000,20482.125,626.7903093,282272,404042956.8,37171,11659200000,210.64,937312000,14075,56.65057283,null,"9,740",16.49,8,22125683.71,3.01E+12,1,480,24
76,2/25/18,19,2,2,4384695642,144698,1.65E+11,9796.42,5706940000,2137.5,41.44060303,null,5,11839,1579475870,690582,82119100000,839.46,1646960000,20219.15625,548.9540743,282267,363372843.6,36437,11523500000,208.13,1028590000,14050,53.82658916,null,"9,560",16.49,17,21677190.12,3.01E+12,1,361,51
77,2/26/18,21,2,2,6386756347,186333,1.63E+11,9669.43,7287690000,1762.5,46.19035139,null,10,11849,2084869097,737453,82705400000,845.28,2044480000,20335.3125,546.3120018,350653,545217203.1,41920,12302000000,222.14,1297080000,14425,78.24285644,null,"10,330",15.8,27,25564134.55,3.01E+12,1,399,81
78,2/27/18,22,2,2,7116756940,219464,1.76E+11,10393.9,6966180000,2000,50.54578675,null,10,11859,1350335476,694583,85177800000,870.37,2053980000,20412.75,564.3951211,334754,474395879.3,42480,12281600000,221.71,856454000,14450,70.10739479,null,"10,675",18.59,27,21079198.67,3.01E+12,1,418,81
79,2/28/18,21,2,1,9233137527,189068,1.81E+11,10687.2,6936190000,1937.499999,51.29908837,null,12,11871,1378874636,720368,85936400000,877.93,1963980000,20569.125,749.0887785,358558,580126373.7,74744,12039200000,217.28,761322000,14475,75.48160086,null,"10,695",19.85,30,23919658.06,3.01E+12,1,399,90
80,3/1/18,19,2,1,9757408494,233579,1.75E+11,10385,7317280000,2062.5,52.05574602,null,5,11876,1459478133,684404,83808200000,856.01,1868520000,20387.15625,571.2593982,328358,382200628,50091,11257600000,203.12,678542000,14375,66.04235153,null,"11,025",22.47,31,23172168.75,3.01E+12,1,361,93
81,3/2/18,19,2,1,7917264413,194917,1.85E+11,10977.4,7620590000,1950,42.01376982,null,7,11883,1359727190,744666,85368100000,871.76,1894420000,20674.96875,734.40968,336319,418353436.9,38813,11617300000,209.56,627142000,15000,47.64439942,null,"11,015",19.59,25,24667147.38,3.01E+12,1,361,75
82,3/3/18,19,2,1,6657283231,176844,1.88E+11,11101.9,6690570000,2250,37.96379904,null,4,11887,893087799.5,673465,83911700000,856.71,1699370000,20435.8125,508.9603763,294133,405713614.2,35091,11858000000,213.84,681866000,15050,47.53852759,null,"11,283",19.59,24,23321666.61,3.01E+12,1,361,72
83,3/4/18,17,2,1,5268982642,160083,1.94E+11,11497.4,6084150000,1850,33.46586197,null,3,11890,923336640.2,643241,83877800000,856.19,1697940000,20220.28125,553.9217985,273682,264114235.6,31630,11661400000,210.24,574675000,14225,43.2411373,null,"11,550",19.59,17,26909615.32,3.01E+12,1,323,51
84,3/5/18,19,2,1,8062165667,201289,1.95E+11,11532.4,6468540000,1862.5,44.53138052,null,19,11909,1371697962,752756,84939700000,866.85,1898490000,20317.5,633.9678971,342784,376907573.3,37546,11858800000,213.74,594829000,15725,46.69046359,null,"11,570",18.73,28,22125683.71,3.01E+12,1,361,84
85,3/6/18,19,2,1,7260012005,205860,1.94E+11,11500.1,6832170000,1950,37.24003205,null,12,11921,1671353897,712591,83680400000,853.82,1943070000,20446.03125,516.0939389,345761,459394144.9,36769,11683000000,210.51,661078000,15625,46.7440256,null,"10,735",18.36,23,24372959.73,3.23E+12,1,361,69
86,3/7/18,22,2,1,7144578485,213821,1.83E+11,10803.9,8797910000,1962.5,34.8377064,null,22,11943,1624823061,783757,80017300000,816.27,2175420000,20616.9375,610.1233862,448019,437709173.4,38530,10926500000,196.83,755925000,15475,47.51002192,null,"9,835",17.76,24,25517998.11,3.29E+12,1,418,72
87,3/8/18,22,2,1,7230854771,196260,1.68E+11,9951.44,7186090000,2025,35.63080068,null,5,11948,1262863625,690139,73788400000,752.57,1891640000,20299.59375,540.6335665,329912,564954944,36806,10311600000,185.7,612509000,14575,77.83377701,null,"9,440",16.54,28,25681575.02,3.29E+12,1,418,84
88,3/9/18,24,2,1,7513778456,198034,1.59E+11,9414.69,8704190000,1825,34.8459414,null,4,11952,1277175293,650058,68863600000,702.2,2233020000,20375.0625,500.781517,317340,474991415.6,39903,9802410000,176.48,943364000,13800,49.16242811,null,"9,135",14.64,17,26499459.57,3.29E+12,1,456,51
89,3/10/18,17,2,1,4169223799,156088,1.58E+11,9350.59,5386320000,1750,40.27322368,null,3,11955,834738473.2,591377,71620700000,730.16,1532960000,20461.03125,397.4806353,296474,301823667.1,30991,10451000000,188.11,625808000,14975,39.60645235,null,"9,378",14.64,12,23882229,3.29E+12,1,323,36
90,3/11/18,17,2,1,4125518665,150731,1.50E+11,8852.78,6296370000,1912.5,39.61038377,null,4,11959,746910932.7,608899,67235700000,685.31,1562680000,20532.5625,361.5728108,270698,396873605.1,28583,9864710000,177.51,669378000,14475,39.51561468,null,"9,620",14.64,17,22900767.53,3.29E+12,1,323,51
91,3/12/18,20,2,1,6416998189,188233,1.62E+11,9602.93,6457400000,2012.5,33.46783473,null,9,11968,1085039654,677908,71086000000,724.41,1765000000,20360.4375,513.4220003,312268,422242963.4,30179,10506700000,189.02,567629000,14600,44.22159126,null,"8,855",15.78,20,25027267.37,3.29E+12,1,380,60
92,3/13/18,19,2,1,5711389197,195982,1.55E+11,9173.04,5991140000,1975,60.67628875,null,9,11977,1906177177,699093,68524000000,698.15,1425960000,20381.625,391.7314989,319562,393270050,31265,9874530000,177.6,468094000,15775,41.47125743,null,"9,075",16.35,40,26335882.66,3.29E+12,1,361,120
93,3/14/18,22,2,1,6195101928,190898,1.56E+11,9214.65,6438230000,1800,37.04036657,null,6,11983,1335574283,671198,67857600000,691.22,1810560000,20410.03125,421.5886443,342300,297169406.8,33328,9785030000,175.94,480653000,13775,41.84021261,null,"8,236",17.23,29,25845151.93,3.29E+12,1,418,87
94,3/15/18,24,2,1,6800060235,206042,1.40E+11,8290.76,6834430000,1800,36.64624829,null,12,11995,1157300355,654531,60371800000,614.84,1770460000,20495.8125,393.5765835,319298,343969231.7,35691,8967720000,161.2,564609000,14025,45.12875441,null,"8,290",16.59,33,23555075.18,3.29E+12,1,456,99
95,3/16/18,20,2,1,4971515728,186823,1.41E+11,8322.91,5289380000,1950,29.65177072,null,5,12000,849066668.8,654584,60083700000,611.78,1417350000,20533.40625,420.4053323,300745,211387914.4,31561,9171160000,164.82,436628000,15725,37.74276544,null,"8,585",15.8,41,23555075.18,3.29E+12,1,380,123
96,3/17/18,18,2,1,3413899967,154347,1.41E+11,8321.91,4426150000,1862.5,21.51541723,null,7,12007,743086951.8,593203,59104200000,601.68,1267810000,20413.875,312.2690602,272698,210830859,27818,9194360000,165.19,403809000,14525,35.74193746,null,"8,408",15.8,29,25517998.11,3.29E+12,1,342,87
97,3/18/18,22,3,1,3900493413,164250,1.34E+11,7890.52,6639190000,1887.5,25.33293823,null,1,12008,1579813251,684094,54200100000,551.64,2685500000,20333.0625,363.7877793,309523,283850310,33000,8492470000,152.54,595955000,14075,38.19523448,null,"8,230",15.8,22,24372959.73,3.29E+12,1,374,110
98,3/19/18,21,2,1,5371659508,191373,1.41E+11,8344.12,6729110000,1937.5,30.78064883,null,5,12013,1274552363,703891,53718600000,546.63,2046790000,20309.90625,377.0538903,347728,284286987.8,31025,8658190000,155.47,504833000,14575,41.71644102,null,"8,445",19.02,27,25990711.3,3.38E+12,1,357,135
99,3/20/18,19,2,1,5042975778,195041,1.46E+11,8619.67,6361790000,1587.5,31.3790795,null,4,12017,1064969517,661791,54722100000,556.72,1833680000,20410.3125,379.9188371,310436,273901408.8,32184,8997260000,161.52,492892000,13850,39.45310999,null,"9,020",18.2,16,26679206.96,3.46E+12,1,323,80
100,3/21/18,19,2,1,6020064793,194694,1.51E+11,8937.48,6043130000,1900,31.0252744,null,10,12027,995717188.9,697872,54967300000,559.1,1781270000,20292.28125,442.7263801,322852,309020099.4,30694,9447220000,169.56,462536000,14700,37.65243504,null,"8,910",17.86,26,21859737.32,3.46E+12,1,323,130
101,3/22/18,18,2,1,5156476494,185044,1.51E+11,8939.44,5530390000,1787.5,27.7247885,null,10,12037,870526034.1,619453,55273800000,562.1,1523460000,20487.28125,426.3799873,305756,183351600.2,26996,9403220000,168.72,404997000,15400,35.0335967,null,"8,600",23.34,66,26162835.21,3.46E+12,1,306,330
102,3/23/18,17,2,1,5165293490,179685,1.48E+11,8736.25,5954120000,1662.499999,26.25767336,null,5,12042,1092264244,677103,53098100000,539.86,1596350000,20233.6875,450.0961312,362117,192965304.3,27804,9118940000,163.58,348056000,15500,34.39320423,null,"8,605",24.87,100,24613719.97,3.46E+12,1,289,500
103,3/24/18,15,1,1,4266640988,156931,1.51E+11,8901.95,5664600000,1950,21.76498898,null,7,12049,650781465,613203,53375400000,542.57,1300010000,20524.6875,380.8766583,323998,149758467.1,26526,9397290000,168.53,290270000,15150,28.91262017,null,"8,518",24.87,35,22892480.81,3.46E+12,1,255,175
104,3/25/18,15,2,1,5402066610,135139,1.46E+11,8612.81,4569880000,1687.5,20.23147507,null,3,12052,518515435.5,526372,51431600000,522.7,1151170000,20330.0625,333.9653283,240238,138481774.8,23312,8860500000,158.86,241431000,15625,29.90674294,null,"8,430",24.87,15,26851330.88,3.46E+12,1,270,75
105,3/26/18,20,2,1,6203275507,187700,1.44E+11,8498.47,5921040000,1875,26.98506764,null,4,12056,1024230595,626615,51598000000,524.29,1638880000,20432.53125,434.5891108,299393,247067701.9,28790,8935560000,160.16,407135000,14900,37.2590951,null,"7,920",21.03,42,23236728.64,3.46E+12,1,360,210
106,3/27/18,19,2,1,5969723258,186913,1.39E+11,8200,5378250000,1900,27.51028124,null,2,12058,1217102896,584055,48193300000,489.59,1617940000,20267.90625,360.7338911,277446,192163101.5,29504,8312700000,148.96,385104000,15325,37.02610041,null,"7,890",22.5,42,25818587.38,3.46E+12,1,342,210
107,3/28/18,17,2,1,5267277711,177386,1.33E+11,7836.83,4935290000,1687.5,24.09273355,null,36,12094,1109046178,579858,44334000000,450.29,1514180000,20353.3125,367.4733527,264747,257878252.6,28661,7563030000,135.49,328374000,14425,34.42140152,null,"7,890",22.87,75,26162835.21,3.46E+12,1,306,375