,Day,bitcoin: (Worldwide)_x,Ethereum: (Worldwide),Litecoin: (Worldwide),Ripple: (Worldwide),bitcoin: (Worldwide)_yearly,ethereum: (Worldwide)_yearly,litecoin: (Worldwide)_yearly
0,1/1/16,62,0.1,2.0,11,,,
1,1/2/16,62,1.0,2.0,9,,,
2,1/3/16,61,1.0,2.0,11,3.0,0.1,0.1
3,1/4/16,67,1.0,2.0,11,,,
4,1/5/16,66,1.0,2.0,11,,,
5,1/6/16,68,2.0,2.0,13,,,
6,1/7/16,75,1.0,2.0,12,,,
7,1/8/16,72,1.0,3.0,11,,,
8,1/9/16,67,1.0,1.0,11,,,
9,1/10/16,62,1.0,2.0,12,3.0,0.1,0.1
10,1/11/16,69,2.0,2.0,11,,,
11,1/12/16,65,2.0,1.0,13,,,
12,1/13/16,70,2.0,2.0,10,,,
13,1/14/16,63,2.0,2.0,11,,,
14,1/15/16,95,2.0,2.0,10,,,
15,1/16/16,100,3.0,2.0,12,,,
16,1/17/16,75,2.0,1.0,10,3.0,0.1,0.1
17,1/18/16,78,2.0,2.0,12,,,
18,1/19/16,75,3.0,3.0,12,,,
19,1/20/16,84,3.0,2.0,12,,,
20,1/21/16,71,2.0,3.0,11,,,
21,1/22/16,72,3.0,1.0,10,,,
22,1/23/16,61,3.0,2.0,12,,,
23,1/24/16,62,5.0,2.0,10,2.0,0.1,0.1
24,1/25/16,68,5.0,1.0,13,,,
25,1/26/16,66,6.0,2.0,12,,,
26,1/27/16,67,4.0,2.0,13,,,
27,1/28/16,67,4.0,2.0,13,,,
28,1/29/16,65,4.0,2.0,12,,,
29,1/30/16,55,4.0,3.0,14,,,
30,1/31/16,59,3.0,1.0,12,2.0,0.1,0.1
31,2/1/16,58,3.0,1.0,11,,,
32,2/2/16,64,2.0,1.0,12,,,
33,2/3/16,60,3.0,2.0,12,,,
34,2/4/16,62,3.0,1.0,12,,,
35,2/5/16,55,3.0,2.0,12,,,
36,2/6/16,63,3.0,1.0,11,,,
37,2/7/16,61,3.0,2.0,11,2.0,0.1,0.1
38,2/8/16,57,6.0,1.0,13,,,
39,2/9/16,66,6.0,3.0,11,,,
40,2/10/16,65,8.0,2.0,12,,,
41,2/11/16,62,8.0,2.0,15,,,
42,2/12/16,65,9.0,2.0,15,,,
43,2/13/16,60,6.0,1.0,14,,,
44,2/14/16,66,5.0,2.0,10,3.0,0.1,0.1
45,2/15/16,68,7.0,2.0,13,,,
46,2/16/16,66,6.0,2.0,12,,,
47,2/17/16,74,5.0,2.0,12,,,
48,2/18/16,81,5.0,1.0,12,,,
49,2/19/16,68,4.0,2.0,13,,,
50,2/20/16,71,6.0,2.0,9,,,
51,2/21/16,69,5.0,2.0,12,2.0,0.1,0.1
52,2/22/16,71,5.0,2.0,12,,,
53,2/23/16,68,6.0,1.0,13,,,
54,2/24/16,64,5.0,1.0,14,,,
55,2/25/16,69,7.0,1.0,14,,,
56,2/26/16,57,7.0,1.0,13,,,
57,2/27/16,62,7.0,1.0,13,,,
58,2/28/16,60,5.0,2.0,11,2.0,0.1,0.1
59,2/29/16,62,6.0,1.0,11,,,
60,3/1/16,71,7.0,2.0,13,,,
61,3/2/16,65,9.0,1.0,12,,,
62,3/3/16,68,15.0,1.0,14,,,
63,3/4/16,64,10.0,2.0,10,,,
64,3/5/16,68,14.0,3.0,12,,,
65,3/6/16,65,9.0,1.0,10,2.0,0.1,0.1
66,3/7/16,63,11.0,2.0,13,,,
67,3/8/16,67,10.0,2.0,12,,,
68,3/9/16,64,10.0,1.0,12,,,
69,3/10/16,57,10.0,1.0,11,,,
70,3/11/16,60,9.0,1.0,14,,,
71,3/12/16,58,14.0,1.0,12,,,
72,3/13/16,57,15.0,2.0,12,2.0,0.1,0.1
73,3/14/16,65,16.0,1.0,12,,,
74,3/15/16,63,14.0,2.0,12,,,
75,3/16/16,66,12.0,1.0,15,,,
76,3/17/16,59,11.0,1.0,13,,,
77,3/18/16,58,12.0,2.0,13,,,
78,3/19/16,56,9.0,1.0,13,,,
79,3/20/16,53,9.0,2.0,12,2.0,0.1,0.1
80,3/21/16,62,9.0,2.0,13,,,
81,3/22/16,63,9.0,1.0,12,,,
82,3/23/16,56,11.0,1.0,13,,,
83,3/24/16,60,7.0,1.0,15,,,
84,3/25/16,57,6.0,1.0,12,,,
85,3/26/16,52,7.0,2.0,13,,,
86,3/27/16,54,6.0,2.0,11,2.0,0.1,0.1
87,3/28/16,60,14.0,2.0,11,,,
88,3/29/16,60,12.0,2.0,11,,,
89,3/30/16,63,12.0,2.0,12,,,
90,3/31/16,64,10.0,2.0,12,,,
91,4/1/16,28,4.0,1.0,7,,,
92,4/2/16,27,4.0,1.0,5,,,
93,4/3/16,27,3.0,1.0,5,2.0,0.1,0.1
94,4/4/16,31,4.0,1.0,6,,,
95,4/5/16,27,4.0,1.0,5,,,
96,4/6/16,29,4.0,1.0,6,,,
97,4/7/16,29,4.0,1.0,6,,,
98,4/8/16,30,3.0,1.0,6,,,
99,4/9/16,30,3.0,1.0,6,,,
100,4/10/16,31,4.0,1.0,6,2.0,0.1,0.1
101,4/11/16,32,3.0,1.0,6,,,
102,4/12/16,33,4.0,1.0,6,,,
103,4/13/16,30,3.0,1.0,6,,,
104,4/14/16,31,3.0,1.0,7,,,
105,4/15/16,29,3.0,1.0,7,,,
106,4/16/16,28,2.0,1.0,5,,,
107,4/17/16,25,2.0,0.1,6,2.0,0.1,0.1
108,4/18/16,29,3.0,1.0,6,,,
109,4/19/16,28,4.0,1.0,6,,,
110,4/20/16,32,3.0,1.0,5,,,
111,4/21/16,33,4.0,1.0,7,,,
112,4/22/16,31,3.0,1.0,7,,,
113,4/23/16,32,2.0,1.0,5,,,
114,4/24/16,33,3.0,1.0,6,3.0,0.1,0.1
115,4/25/16,35,3.0,1.0,7,,,
116,4/26/16,37,3.0,1.0,6,,,
117,4/27/16,35,3.0,1.0,6,,,
118,4/28/16,38,3.0,1.0,7,,,
119,4/29/16,33,2.0,1.0,6,,,
120,4/30/16,33,4.0,1.0,6,,,
121,5/1/16,30,3.0,1.0,6,4.0,0.1,0.1
122,5/2/16,100,4.0,1.0,6,,,
123,5/3/16,62,4.0,1.0,7,,,
124,5/4/16,44,4.0,1.0,6,,,
125,5/5/16,46,3.0,1.0,6,,,
126,5/6/16,41,4.0,1.0,7,,,
127,5/7/16,35,3.0,1.0,6,,,
128,5/8/16,34,3.0,1.0,5,3.0,0.1,0.1
129,5/9/16,37,4.0,1.0,5,,,
130,5/10/16,39,3.0,1.0,6,,,
131,5/11/16,33,4.0,1.0,7,,,
132,5/12/16,36,4.0,1.0,7,,,
133,5/13/16,33,5.0,1.0,7,,,
134,5/14/16,29,4.0,0.1,6,,,
135,5/15/16,30,3.0,1.0,6,2.0,0.1,0.1
136,5/16/16,32,6.0,1.0,6,,,
137,5/17/16,32,5.0,1.0,6,,,
138,5/18/16,31,7.0,1.0,6,,,
139,5/19/16,34,7.0,1.0,6,,,
140,5/20/16,34,7.0,1.0,7,,,
141,5/21/16,29,5.0,1.0,7,,,
142,5/22/16,28,5.0,1.0,7,2.0,0.1,0.1
143,5/23/16,32,6.0,0.1,7,,,
144,5/24/16,33,5.0,1.0,6,,,
145,5/25/16,34,7.0,1.0,7,,,
146,5/26/16,33,6.0,1.0,6,,,
147,5/27/16,35,6.0,1.0,6,,,
148,5/28/16,40,6.0,1.0,5,,,
149,5/29/16,47,4.0,1.0,7,3.0,0.1,0.1
150,5/30/16,48,5.0,1.0,5,,,
151,5/31/16,44,6.0,1.0,6,,,
152,6/1/16,42,6.0,1.0,6,,,
153,6/2/16,38,6.0,1.0,6,,,
154,6/3/16,46,6.0,1.0,6,,,
155,6/4/16,44,5.0,1.0,6,,,
156,6/5/16,40,5.0,1.0,5,3.0,0.1,0.1
157,6/6/16,41,4.0,0.1,6,,,
158,6/7/16,44,5.0,1.0,6,,,
159,6/8/16,38,5.0,1.0,5,,,
160,6/9/16,39,5.0,1.0,6,,,
161,6/10/16,35,5.0,1.0,6,,,
162,6/11/16,36,3.0,1.0,5,,,
163,6/12/16,54,5.0,1.0,5,4.0,1.0,0.1
164,6/13/16,70,8.0,1.0,6,,,
165,6/14/16,57,7.0,2.0,7,,,
166,6/15/16,50,8.0,1.0,7,,,
167,6/16/16,64,7.0,1.0,5,,,
168,6/17/16,62,19.0,1.0,5,,,
169,6/18/16,55,16.0,2.0,5,,,
170,6/19/16,50,11.0,2.0,6,4.0,1.0,0.1
171,6/20/16,52,12.0,2.0,6,,,
172,6/21/16,57,8.0,2.0,5,,,
173,6/22/16,54,9.0,1.0,6,,,
174,6/23/16,54,8.0,1.0,7,,,
175,6/24/16,77,6.0,1.0,6,,,
176,6/25/16,53,6.0,1.0,5,,,
177,6/26/16,44,4.0,1.0,7,3.0,0.1,0.1
178,6/27/16,50,5.0,1.0,6,,,
179,6/28/16,45,6.0,1.0,5,,,
180,6/29/16,42,6.0,1.0,5,,,
181,6/30/16,44,6.0,1.0,6,,,
182,7/1/16,54,6.0,1.0,6,,,
183,7/2/16,52,5.0,1.0,7,,,
184,7/3/16,55,6.0,1.0,7,3.0,0.1,0.1
185,7/4/16,49,7.0,2.0,8,,,
186,7/5/16,51,8.0,1.0,7,,,
187,7/6/16,52,5.0,1.0,7,,,
188,7/7/16,56,5.0,0.1,8,,,
189,7/8/16,54,4.0,1.0,8,,,
190,7/9/16,68,5.0,2.0,7,,,
191,7/10/16,56,4.0,1.0,7,3.0,0.1,0.1
192,7/11/16,50,5.0,1.0,8,,,
193,7/12/16,51,4.0,1.0,7,,,
194,7/13/16,50,4.0,1.0,8,,,
195,7/14/16,44,6.0,1.0,7,,,
196,7/15/16,44,5.0,1.0,7,,,
197,7/16/16,44,4.0,0.1,8,,,
198,7/17/16,45,5.0,1.0,6,3.0,0.1,0.1
199,7/18/16,46,5.0,1.0,7,,,
200,7/19/16,47,5.0,1.0,7,,,
201,7/20/16,43,9.0,1.0,9,,,
202,7/21/16,41,8.0,1.0,7,,,
203,7/22/16,43,7.0,1.0,7,,,
204,7/23/16,39,8.0,0.1,7,,,
205,7/24/16,40,9.0,1.0,7,3.0,1.0,0.1
206,7/25/16,41,8.0,1.0,7,,,
207,7/26/16,43,12.0,1.0,8,,,
208,7/27/16,48,10.0,1.0,8,,,
209,7/28/16,41,7.0,1.0,7,,,
210,7/29/16,41,6.0,1.0,8,,,
211,7/30/16,40,6.0,0.1,7,,,
212,7/31/16,41,7.0,1.0,8,3.0,0.1,0.1
213,8/1/16,47,6.0,1.0,7,,,
214,8/2/16,56,11.0,1.0,7,,,
215,8/3/16,100,10.0,1.0,8,,,
216,8/4/16,67,7.0,0.1,6,,,
217,8/5/16,52,5.0,1.0,7,,,
218,8/6/16,42,4.0,1.0,7,,,
219,8/7/16,47,5.0,1.0,6,3.0,0.1,0.1
220,8/8/16,43,5.0,1.0,8,,,
221,8/9/16,45,5.0,1.0,7,,,
222,8/10/16,42,5.0,1.0,8,,,
223,8/11/16,41,5.0,1.0,6,,,
224,8/12/16,40,5.0,1.0,7,,,
225,8/13/16,38,4.0,1.0,6,,,
226,8/14/16,37,5.0,1.0,6,2.0,0.1,0.1
227,8/15/16,42,4.0,1.0,6,,,
228,8/16/16,41,3.0,0.1,7,,,
229,8/17/16,42,3.0,1.0,7,,,
230,8/18/16,41,3.0,1.0,7,,,
231,8/19/16,39,4.0,1.0,7,,,
232,8/20/16,35,3.0,0.1,6,,,
233,8/21/16,34,3.0,1.0,7,2.0,0.1,0.1
234,8/22/16,40,3.0,1.0,7,,,
235,8/23/16,40,3.0,1.0,8,,,
236,8/24/16,40,4.0,1.0,8,,,
237,8/25/16,42,4.0,1.0,7,,,
238,8/26/16,38,4.0,1.0,8,,,
239,8/27/16,39,3.0,1.0,8,,,
240,8/28/16,40,4.0,1.0,8,2.0,0.1,0.1
241,8/29/16,40,5.0,1.0,7,,,
242,8/30/16,38,4.0,1.0,8,,,
243,8/31/16,42,3.0,1.0,7,,,
244,9/1/16,41,5.0,1.0,7,,,
245,9/2/16,39,4.0,1.0,8,,,
246,9/3/16,43,3.0,1.0,7,,,
247,9/4/16,46,4.0,1.0,6,3.0,0.1,0.1
248,9/5/16,42,4.0,1.0,7,,,
249,9/6/16,41,4.0,1.0,8,,,
250,9/7/16,43,3.0,0.1,8,,,
251,9/8/16,49,4.0,1.0,9,,,
252,9/9/16,43,4.0,1.0,8,,,
253,9/10/16,45,3.0,1.0,8,,,
254,9/11/16,42,3.0,1.0,6,3.0,0.1,0.1
255,9/12/16,45,4.0,1.0,8,,,
256,9/13/16,40,3.0,0.1,7,,,
257,9/14/16,41,3.0,1.0,7,,,
258,9/15/16,42,5.0,1.0,10,,,
259,9/16/16,42,5.0,0.1,12,,,
260,9/17/16,41,4.0,1.0,9,,,
261,9/18/16,42,6.0,1.0,10,2.0,0.1,0.1
262,9/19/16,39,6.0,1.0,10,,,
263,9/20/16,44,6.0,0.1,9,,,
264,9/21/16,45,7.0,1.0,9,,,
265,9/22/16,41,6.0,1.0,9,,,
266,9/23/16,41,6.0,1.0,10,,,
267,9/24/16,38,5.0,1.0,7,,,
268,9/25/16,37,5.0,1.0,8,2.0,0.1,0.1
269,9/26/16,40,4.0,1.0,8,,,
270,9/27/16,39,4.0,1.0,9,,,
271,9/28/16,38,4.0,0.1,10,,,
272,9/29/16,39,4.0,0.1,9,,,
273,9/30/16,40,3.0,0.1,8,,,
274,10/1/16,43,4.0,1.0,8,,,
275,10/2/16,40,3.0,1.0,7,2.0,0.1,0.1
276,10/3/16,43,4.0,1.0,10,,,
277,10/4/16,43,5.0,1.0,9,,,
278,10/5/16,44,5.0,1.0,9,,,
279,10/6/16,43,5.0,1.0,8,,,
280,10/7/16,45,5.0,1.0,9,,,
281,10/8/16,43,6.0,1.0,8,,,
282,10/9/16,46,4.0,1.0,7,3.0,0.1,0.1
283,10/10/16,45,5.0,1.0,9,,,
284,10/11/16,51,5.0,1.0,8,,,
285,10/12/16,54,4.0,1.0,9,,,
286,10/13/16,49,5.0,1.0,8,,,
287,10/14/16,48,5.0,1.0,9,,,
288,10/15/16,44,4.0,1.0,7,,,
289,10/16/16,43,4.0,1.0,7,2.0,0.1,0.1
290,10/17/16,46,5.0,1.0,9,,,
291,10/18/16,45,5.0,1.0,10,,,
292,10/19/16,46,6.0,1.0,8,,,
293,10/20/16,45,4.0,1.0,9,,,
294,10/21/16,43,4.0,1.0,9,,,
295,10/22/16,44,3.0,1.0,8,,,
296,10/23/16,48,3.0,0.1,7,3.0,0.1,0.1
297,10/24/16,48,4.0,1.0,9,,,
298,10/25/16,48,5.0,1.0,8,,,
299,10/26/16,51,4.0,1.0,9,,,
300,10/27/16,56,5.0,1.0,8,,,
301,10/28/16,58,5.0,1.0,9,,,
302,10/29/16,67,5.0,1.0,7,,,
303,10/30/16,57,4.0,1.0,7,3.0,0.1,0.1
304,10/31/16,58,5.0,1.0,8,,,
305,11/1/16,64,6.0,1.0,9,,,
306,11/2/16,58,4.0,1.0,9,,,
307,11/3/16,63,4.0,1.0,8,,,
308,11/4/16,59,4.0,1.0,9,,,
309,11/5/16,58,3.0,1.0,8,,,
310,11/6/16,57,4.0,1.0,8,3.0,0.1,0.1
311,11/7/16,58,4.0,1.0,9,,,
312,11/8/16,55,5.0,1.0,8,,,
313,11/9/16,77,4.0,1.0,7,,,
314,11/10/16,58,4.0,1.0,9,,,
315,11/11/16,55,5.0,1.0,9,,,
316,11/12/16,54,3.0,1.0,7,,,
317,11/13/16,54,4.0,1.0,8,3.0,0.1,0.1
318,11/14/16,55,5.0,1.0,9,,,
319,11/15/16,54,4.0,1.0,8,,,
320,11/16/16,60,4.0,1.0,8,,,
321,11/17/16,65,4.0,1.0,9,,,
322,11/18/16,62,4.0,1.0,9,,,
323,11/19/16,59,4.0,1.0,9,,,
324,11/20/16,58,3.0,1.0,7,3.0,0.1,0.1
325,11/21/16,56,5.0,1.0,8,,,
326,11/22/16,62,5.0,1.0,7,,,
327,11/23/16,59,4.0,1.0,9,,,
328,11/24/16,60,4.0,1.0,8,,,
329,11/25/16,55,3.0,1.0,8,,,
330,11/26/16,55,3.0,1.0,8,,,
331,11/27/16,56,4.0,1.0,8,3.0,0.1,0.1
332,11/28/16,57,5.0,1.0,9,,,
333,11/29/16,60,4.0,1.0,9,,,
334,11/30/16,59,4.0,1.0,9,,,
335,12/1/16,60,4.0,1.0,9,,,
336,12/2/16,65,5.0,1.0,9,,,
337,12/3/16,58,3.0,1.0,8,,,
338,12/4/16,56,4.0,1.0,8,3.0,0.1,0.1
339,12/5/16,61,5.0,1.0,9,,,
340,12/6/16,61,6.0,1.0,9,,,
341,12/7/16,59,5.0,1.0,9,,,
342,12/8/16,62,4.0,1.0,8,,,
343,12/9/16,56,4.0,1.0,8,,,
344,12/10/16,52,3.0,1.0,6,,,
345,12/11/16,52,3.0,1.0,7,3.0,0.1,0.1
346,12/12/16,59,3.0,1.0,7,,,
347,12/13/16,62,4.0,1.0,8,,,
348,12/14/16,57,4.0,1.0,8,,,
349,12/15/16,58,4.0,1.0,7,,,
350,12/16/16,56,3.0,1.0,9,,,
351,12/17/16,56,3.0,1.0,7,,,
352,12/18/16,56,2.0,1.0,8,4.0,0.1,0.1
353,12/19/16,60,4.0,1.0,9,,,
354,12/20/16,61,4.0,1.0,9,,,
355,12/21/16,73,4.0,1.0,10,,,
356,12/22/16,89,4.0,1.0,9,,,
357,12/23/16,100,5.0,2.0,10,,,
358,12/24/16,81,3.0,2.0,10,,,
359,12/25/16,77,3.0,1.0,6,5.0,0.1,0.1
360,12/26/16,76,3.0,1.0,7,,,
361,12/27/16,84,4.0,1.0,9,,,
362,12/28/16,95,4.0,2.0,8,,,
363,12/29/16,96,5.0,1.0,9,,,
364,12/30/16,85,5.0,2.0,9,,,
365,12/31/16,72,3.0,1.0,8,,,
366,1/1/17,46,2.0,1.0,4,7.0,0.1,0.1
367,1/2/17,81,3.0,2.0,5,,,
368,1/3/17,73,4.0,1.0,6,,,
369,1/4/17,86,4.0,2.0,6,,,
370,1/5/17,100,4.0,1.0,5,,,
371,1/6/17,86,4.0,1.0,6,,,
372,1/7/17,74,3.0,1.0,6,,,
373,1/8/17,65,3.0,1.0,5,6.0,0.1,0.1
374,1/9/17,61,3.0,1.0,5,,,
375,1/10/17,58,3.0,1.0,6,,,
376,1/11/17,69,3.0,1.0,6,,,
377,1/12/17,69,4.0,1.0,5,,,
378,1/13/17,56,2.0,1.0,5,,,
379,1/14/17,52,2.0,1.0,4,,,
380,1/15/17,49,2.0,1.0,5,4.0,0.1,0.1
381,1/16/17,51,3.0,1.0,5,,,
382,1/17/17,54,2.0,1.0,5,,,
383,1/18/17,53,3.0,1.0,5,,,
384,1/19/17,48,3.0,1.0,5,,,
385,1/20/17,46,2.0,1.0,5,,,
386,1/21/17,44,2.0,1.0,4,,,
387,1/22/17,43,2.0,1.0,5,4.0,0.1,0.1
388,1/23/17,46,2.0,1.0,5,,,
389,1/24/17,45,3.0,1.0,6,,,
390,1/25/17,46,2.0,1.0,5,,,
391,1/26/17,44,2.0,1.0,5,,,
392,1/27/17,41,2.0,1.0,6,,,
393,1/28/17,42,2.0,1.0,4,,,
394,1/29/17,40,2.0,1.0,5,4.0,0.1,0.1
395,1/30/17,42,2.0,1.0,5,,,
396,1/31/17,47,3.0,1.0,6,,,
397,2/1/17,48,2.0,1.0,6,,,
398,2/2/17,51,2.0,0.1,5,,,
399,2/3/17,54,3.0,1.0,5,,,
400,2/4/17,45,3.0,1.0,5,,,
401,2/5/17,45,2.0,1.0,5,4.0,0.1,0.1
402,2/6/17,46,3.0,1.0,5,,,
403,2/7/17,46,3.0,1.0,6,,,
404,2/8/17,53,3.0,1.0,6,,,
405,2/9/17,59,3.0,1.0,6,,,
406,2/10/17,50,3.0,1.0,5,,,
407,2/11/17,48,2.0,1.0,4,,,
408,2/12/17,46,2.0,1.0,5,4.0,0.1,0.1
409,2/13/17,45,2.0,1.0,5,,,
410,2/14/17,45,4.0,1.0,5,,,
411,2/15/17,45,3.0,1.0,6,,,
412,2/16/17,45,3.0,1.0,6,,,
413,2/17/17,48,3.0,1.0,5,,,
414,2/18/17,49,2.0,1.0,5,,,
415,2/19/17,43,3.0,1.0,6,5.0,0.1,0.1
416,2/20/17,47,3.0,0.1,6,,,
417,2/21/17,58,3.0,1.0,6,,,
418,2/22/17,53,3.0,1.0,5,,,
419,2/23/17,59,3.0,1.0,5,,,
420,2/24/17,72,3.0,1.0,6,,,
421,2/25/17,57,3.0,1.0,6,,,
422,2/26/17,50,4.0,1.0,5,6.0,1.0,0.1
423,2/27/17,56,4.0,1.0,6,,,
424,2/28/17,54,9.0,1.0,6,,,
425,3/1/17,57,6.0,1.0,6,,,
426,3/2/17,67,9.0,1.0,7,,,
427,3/3/17,95,8.0,1.0,6,,,
428,3/4/17,72,6.0,1.0,5,,,
429,3/5/17,66,5.0,1.0,5,7.0,0.1,0.1
430,3/6/17,65,6.0,1.0,6,,,
431,3/7/17,70,5.0,1.0,5,,,
432,3/8/17,74,5.0,1.0,6,,,
433,3/9/17,68,4.0,1.0,5,,,
434,3/10/17,93,5.0,1.0,5,,,
435,3/11/17,80,5.0,1.0,5,,,
436,3/12/17,61,8.0,1.0,5,6.0,1.0,0.1
437,3/13/17,63,14.0,1.0,6,,,
438,3/14/17,60,10.0,1.0,5,,,
439,3/15/17,59,10.0,1.0,6,,,
440,3/16/17,60,20.0,1.0,8,,,
441,3/17/17,62,22.0,1.0,7,,,
442,3/18/17,72,14.0,1.0,6,,,
443,3/19/17,62,11.0,1.0,6,5.0,1.0,0.1
444,3/20/17,63,12.0,1.0,7,,,
445,3/21/17,59,12.0,1.0,5,,,
446,3/22/17,63,11.0,1.0,7,,,
447,3/23/17,62,9.0,1.0,6,,,
448,3/24/17,60,11.0,1.0,7,,,
449,3/25/17,63,11.0,1.0,6,,,
450,3/26/17,54,10.0,1.0,6,5.0,1.0,0.1
451,3/27/17,57,10.0,1.0,7,,,
452,3/28/17,54,9.0,1.0,7,,,
453,3/29/17,53,10.0,1.0,7,,,
454,3/30/17,51,9.0,4.0,9,,,
455,3/31/17,50,9.0,3.0,9,,,
456,4/1/17,17,2.0,1.0,2,,,
457,4/2/17,17,2.0,1.0,4,5.0,1.0,0.1
458,4/3/17,19,3.0,1.0,4,,,
459,4/4/17,19,3.0,1.0,3,,,
460,4/5/17,17,3.0,1.0,3,,,
461,4/6/17,18,3.0,2.0,2,,,
462,4/7/17,17,2.0,1.0,3,,,
463,4/8/17,18,2.0,1.0,2,,,
464,4/9/17,17,2.0,1.0,2,5.0,1.0,0.1
465,4/10/17,18,2.0,1.0,3,,,
466,4/11/17,19,2.0,1.0,2,,,
467,4/12/17,19,2.0,2.0,2,,,
468,4/13/17,19,3.0,1.0,2,,,
469,4/14/17,17,2.0,1.0,2,,,
470,4/15/17,15,2.0,1.0,2,,,
471,4/16/17,16,2.0,1.0,2,5.0,1.0,0.1
472,4/17/17,18,2.0,1.0,2,,,
473,4/18/17,18,3.0,1.0,2,,,
474,4/19/17,18,2.0,1.0,2,,,
475,4/20/17,18,2.0,1.0,3,,,
476,4/21/17,17,2.0,1.0,2,,,
477,4/22/17,17,2.0,1.0,2,,,
478,4/23/17,16,2.0,1.0,2,5.0,1.0,0.1
479,4/24/17,17,3.0,1.0,2,,,
480,4/25/17,19,2.0,1.0,2,,,
481,4/26/17,21,3.0,1.0,2,,,
482,4/27/17,22,4.0,1.0,3,,,
483,4/28/17,20,5.0,1.0,3,,,
484,4/29/17,20,5.0,1.0,3,,,
485,4/30/17,19,5.0,1.0,3,7.0,2.0,0.1
486,5/1/17,24,8.0,1.0,3,,,
487,5/2/17,26,6.0,1.0,3,,,
488,5/3/17,26,5.0,2.0,3,,,
489,5/4/17,33,7.0,3.0,4,,,
490,5/5/17,31,8.0,3.0,4,,,
491,5/6/17,26,5.0,2.0,4,,,
492,5/7/17,25,5.0,2.0,5,10.0,1.0,1.0
493,5/8/17,28,5.0,2.0,7,,,
494,5/9/17,37,7.0,2.0,6,,,
495,5/10/17,34,5.0,4.0,5,,,
496,5/11/17,40,4.0,3.0,5,,,
497,5/12/17,43,4.0,2.0,4,,,
498,5/13/17,45,4.0,2.0,4,,,
499,5/14/17,38,4.0,1.0,4,11.0,1.0,0.1
500,5/15/17,54,4.0,2.0,6,,,
501,5/16/17,49,4.0,2.0,8,,,
502,5/17/17,39,4.0,2.0,8,,,
503,5/18/17,36,4.0,2.0,7,,,
504,5/19/17,41,9.0,2.0,6,,,
505,5/20/17,40,8.0,2.0,6,,,
506,5/21/17,41,10.0,2.0,6,19.0,5.0,1.0
507,5/22/17,65,21.0,3.0,7,,,
508,5/23/17,71,17.0,3.0,7,,,
509,5/24/17,76,20.0,4.0,7,,,
510,5/25/17,100,24.0,4.0,7,,,
511,5/26/17,80,17.0,3.0,7,,,
512,5/27/17,67,13.0,2.0,6,,,
513,5/28/17,53,11.0,2.0,5,12.0,4.0,1.0
514,5/29/17,50,12.0,2.0,5,,,
515,5/30/17,49,16.0,2.0,6,,,
516,5/31/17,48,19.0,2.0,6,,,
517,6/1/17,47,16.0,2.0,7,,,
518,6/2/17,42,13.0,2.0,6,,,
519,6/3/17,38,12.0,2.0,5,,,
520,6/4/17,37,13.0,2.0,4,12.0,4.0,1.0
521,6/5/17,42,15.0,2.0,5,,,
522,6/6/17,59,18.0,3.0,5,,,
523,6/7/17,52,16.0,4.0,5,,,
524,6/8/17,45,15.0,7.0,5,,,
525,6/9/17,44,15.0,8.0,5,,,
526,6/10/17,42,21.0,10.0,4,,,
527,6/11/17,46,24.0,8.0,5,13.0,7.0,1.0
528,6/12/17,57,36.0,5.0,6,,,
529,6/13/17,50,29.0,4.0,6,,,
530,6/14/17,49,27.0,4.0,6,,,
531,6/15/17,58,29.0,3.0,6,,,
532,6/16/17,50,20.0,4.0,5,,,
533,6/17/17,41,17.0,8.0,5,,,
534,6/18/17,38,16.0,5.0,4,11.0,5.0,1.0
535,6/19/17,39,17.0,6.0,5,,,
536,6/20/17,42,20.0,4.0,7,,,
537,6/21/17,43,26.0,4.0,6,,,
538,6/22/17,44,27.0,4.0,5,,,
539,6/23/17,39,20.0,4.0,5,,,
540,6/24/17,39,16.0,3.0,4,,,
541,6/25/17,36,20.0,3.0,5,11.0,5.0,1.0
542,6/26/17,45,28.0,4.0,5,,,
543,6/27/17,51,23.0,3.0,4,,,
544,6/28/17,49,20.0,3.0,5,,,
545,6/29/17,41,17.0,2.0,4,,,
546,6/30/17,35,14.0,2.0,4,,,
547,7/1/17,28,11.0,1.0,3,,,
548,7/2/17,29,11.0,2.0,3,9.0,3.0,1.0
549,7/3/17,30,12.0,3.0,3,,,
550,7/4/17,29,11.0,4.0,3,,,
551,7/5/17,30,11.0,3.0,3,,,
552,7/6/17,30,11.0,3.0,3,,,
553,7/7/17,31,12.0,2.0,3,,,
554,7/8/17,28,11.0,3.0,3,,,
555,7/9/17,28,9.0,2.0,3,10.0,4.0,1.0
556,7/10/17,33,15.0,3.0,4,,,
557,7/11/17,36,18.0,3.0,4,,,
558,7/12/17,35,15.0,2.0,4,,,
559,7/13/17,33,12.0,2.0,3,,,
560,7/14/17,31,10.0,2.0,3,,,
561,7/15/17,38,11.0,2.0,3,,,
562,7/16/17,43,15.0,2.0,3,12.0,4.0,1.0
563,7/17/17,40,13.0,2.0,3,,,
564,7/18/17,37,14.0,2.0,4,,,
565,7/19/17,37,14.0,2.0,4,,,
566,7/20/17,41,12.0,2.0,4,,,
567,7/21/17,40,11.0,2.0,4,,,
568,7/22/17,35,8.0,2.0,4,,,
569,7/23/17,34,8.0,2.0,3,11.0,3.0,1.0
570,7/24/17,36,9.0,2.0,4,,,
571,7/25/17,36,9.0,2.0,4,,,
572,7/26/17,37,9.0,2.0,3,,,
573,7/27/17,34,8.0,2.0,3,,,
574,7/28/17,38,9.0,2.0,3,,,
575,7/29/17,31,8.0,2.0,3,,,
576,7/30/17,32,7.0,2.0,3,14.0,2.0,1.0
577,7/31/17,40,7.0,2.0,3,,,
578,8/1/17,70,9.0,2.0,4,,,
579,8/2/17,64,9.0,2.0,4,,,
580,8/3/17,43,7.0,1.0,3,,,
581,8/4/17,40,7.0,2.0,3,,,
582,8/5/17,50,8.0,2.0,4,,,
583,8/6/17,43,9.0,2.0,4,14.0,3.0,1.0
584,8/7/17,47,10.0,2.0,4,,,
585,8/8/17,51,11.0,2.0,4,,,
586,8/9/17,45,12.0,2.0,4,,,
587,8/10/17,43,10.0,2.0,4,,,
588,8/11/17,47,9.0,2.0,3,,,
589,8/12/17,56,9.0,2.0,4,,,
590,8/13/17,67,10.0,2.0,4,20.0,3.0,1.0
591,8/14/17,74,12.0,3.0,4,,,
592,8/15/17,74,10.0,2.0,4,,,
593,8/16/17,67,10.0,2.0,4,,,
594,8/17/17,61,10.0,2.0,4,,,
595,8/18/17,63,9.0,2.0,4,,,
596,8/19/17,56,8.0,2.0,3,,,
597,8/20/17,51,7.0,2.0,4,16.0,3.0,1.0
598,8/21/17,53,10.0,2.0,4,,,
599,8/22/17,60,9.0,2.0,8,,,
600,8/23/17,56,9.0,3.0,11,,,
601,8/24/17,51,8.0,4.0,9,,,
602,8/25/17,53,8.0,3.0,6,,,
603,8/26/17,47,7.0,2.0,5,,,
604,8/27/17,44,7.0,5.0,5,17.0,3.0,2.0
605,8/28/17,48,9.0,5.0,6,,,
606,8/29/17,55,10.0,4.0,6,,,
607,8/30/17,58,13.0,4.0,6,,,
608,8/31/17,61,11.0,6.0,6,,,
609,9/1/17,66,13.0,10.0,7,,,
610,9/2/17,61,12.0,6.0,6,,,
611,9/3/17,56,10.0,5.0,5,18.0,3.0,1.0
612,9/4/17,67,14.0,5.0,5,,,
613,9/5/17,69,11.0,4.0,5,,,
614,9/6/17,59,10.0,4.0,5,,,
615,9/7/17,55,9.0,3.0,4,,,
616,9/8/17,59,8.0,4.0,5,,,
617,9/9/17,48,7.0,3.0,4,,,
618,9/10/17,48,8.0,3.0,4,21.0,3.0,1.0
619,9/11/17,54,8.0,3.0,4,,,
620,9/12/17,52,8.0,3.0,5,,,
621,9/13/17,72,9.0,3.0,4,,,
622,9/14/17,88,10.0,4.0,4,,,
623,9/15/17,100,10.0,4.0,4,,,
624,9/16/17,65,7.0,2.0,3,,,
625,9/17/17,52,6.0,2.0,3,15.0,2.0,1.0
626,9/18/17,62,9.0,3.0,4,,,
627,9/19/17,57,9.0,2.0,4,,,
628,9/20/17,49,7.0,2.0,4,,,
629,9/21/17,52,7.0,3.0,3,,,
630,9/22/17,48,6.0,2.0,4,,,
631,9/23/17,39,5.0,2.0,3,,,
632,9/24/17,37,6.0,1.0,3,13.0,2.0,1.0
633,9/25/17,43,6.0,2.0,3,,,
634,9/26/17,42,6.0,2.0,4,,,
635,9/27/17,46,6.0,2.0,5,,,
636,9/28/17,43,6.0,2.0,4,,,
637,9/29/17,42,6.0,2.0,4,,,
638,9/30/17,39,5.0,2.0,3,,,
639,10/1/17,7,1.0,0.1,1,12.0,2.0,0.1
640,10/2/17,8,1.0,0.1,1,,,
641,10/3/17,8,1.0,0.1,1,,,
642,10/4/17,8,1.0,0.1,1,,,
643,10/5/17,8,1.0,0.1,1,,,
644,10/6/17,7,1.0,0.1,1,,,
645,10/7/17,7,1.0,0.1,1,,,
646,10/8/17,8,1.0,0.1,1,18.0,2.0,1.0
647,10/9/17,9,1.0,0.1,1,,,
648,10/10/17,9,1.0,0.1,1,,,
649,10/11/17,9,1.0,0.1,1,,,
650,10/12/17,15,2.0,1.0,1,,,
651,10/13/17,18,2.0,1.0,1,,,
652,10/14/17,12,2.0,1.0,1,,,
653,10/15/17,11,2.0,1.0,1,19.0,3.0,1.0
654,10/16/17,12,2.0,1.0,2,,,
655,10/17/17,11,2.0,1.0,2,,,
656,10/18/17,12,2.0,0.1,1,,,
657,10/19/17,11,1.0,0.1,1,,,
658,10/20/17,12,1.0,0.1,1,,,
659,10/21/17,14,1.0,0.1,1,,,
660,10/22/17,12,1.0,0.1,1,20.0,2.0,1.0
661,10/23/17,14,2.0,0.1,1,,,
662,10/24/17,15,2.0,0.1,1,,,
663,10/25/17,13,1.0,0.1,1,,,
664,10/26/17,13,1.0,0.1,1,,,
665,10/27/17,11,1.0,0.1,1,,,
666,10/28/17,10,1.0,0.1,1,,,
667,10/29/17,10,1.0,0.1,1,27.0,3.0,1.0
668,10/30/17,12,1.0,0.1,1,,,
669,10/31/17,15,1.0,1.0,1,,,
670,11/1/17,18,2.0,1.0,1,,,
671,11/2/17,23,2.0,1.0,1,,,
672,11/3/17,21,2.0,1.0,1,,,
673,11/4/17,17,2.0,0.1,1,,,
674,11/5/17,17,2.0,1.0,1,29.0,3.0,1.0
675,11/6/17,17,2.0,1.0,1,,,
676,11/7/17,16,2.0,1.0,1,,,
677,11/8/17,18,2.0,1.0,1,,,
678,11/9/17,17,2.0,1.0,1,,,
679,11/10/17,20,2.0,1.0,1,,,
680,11/11/17,19,2.0,1.0,1,,,
681,11/12/17,24,2.0,1.0,1,31.0,3.0,1.0
682,11/13/17,22,2.0,1.0,1,,,
683,11/14/17,17,2.0,1.0,1,,,
684,11/15/17,17,2.0,1.0,1,,,
685,11/16/17,18,2.0,1.0,2,,,
686,11/17/17,20,2.0,1.0,1,,,
687,11/18/17,15,1.0,1.0,1,,,
688,11/19/17,14,2.0,1.0,1,28.0,4.0,1.0
689,11/20/17,19,2.0,1.0,1,,,
690,11/21/17,20,2.0,1.0,1,,,
691,11/22/17,17,2.0,1.0,1,,,
692,11/23/17,16,3.0,1.0,1,,,
693,11/24/17,15,3.0,1.0,1,,,
694,11/25/17,16,3.0,1.0,1,,,
695,11/26/17,24,3.0,1.0,2,65.0,6.0,3.0
696,11/27/17,32,4.0,2.0,2,,,
697,11/28/17,36,4.0,2.0,2,,,
698,11/29/17,61,5.0,3.0,3,,,
699,11/30/17,50,4.0,2.0,2,,,
700,12/1/17,37,3.0,2.0,2,,,
701,12/2/17,30,3.0,2.0,2,,,
702,12/3/17,30,3.0,2.0,2,91.0,7.0,5.0
703,12/4/17,33,3.0,2.0,2,,,
704,12/5/17,35,4.0,2.0,2,,,
705,12/6/17,48,5.0,2.0,2,,,
706,12/7/17,94,6.0,3.0,3,,,
707,12/8/17,84,5.0,5.0,3,,,
708,12/9/17,57,5.0,7.0,3,,,
709,12/10/17,53,4.0,4.0,2,83.0,10.0,15.0
710,12/11/17,63,5.0,7.0,3,,,
711,12/12/17,59,7.0,22.0,6,,,
712,12/13/17,53,8.0,13.0,11,,,
713,12/14/17,46,6.0,9.0,16,,,
714,12/15/17,42,5.0,6.0,13,,,
715,12/16/17,42,4.0,5.0,9,,,
716,12/17/17,47,5.0,5.0,7,100.0,8.0,9.0
717,12/18/17,47,5.0,5.0,8,,,
718,12/19/17,51,7.0,6.0,8,,,
719,12/20/17,68,5.0,6.0,7,,,
720,12/21/17,53,5.0,5.0,14,,,
721,12/22/17,100,6.0,7.0,14,,,
722,12/23/17,62,4.0,4.0,8,,,
723,12/24/17,47,3.0,3.0,6,63.0,5.0,4.0
724,12/25/17,40,3.0,2.0,6,,,
725,12/26/17,40,3.0,3.0,6,,,
726,12/27/17,37,3.0,3.0,9,,,
727,12/28/17,38,3.0,3.0,10,,,
728,12/29/17,33,3.0,2.0,19,,,
729,12/30/17,33,3.0,3.0,24,,,
730,12/31/17,28,3.0,2.0,13,48.0,7.0,4.0
731,1/1/18,46,4.0,3.0,17,,,
732,1/2/18,54,8.0,4.0,22,,,
733,1/3/18,54,8.0,4.0,33,,,
734,1/4/18,52,10.0,5.0,42,,,
735,1/5/18,52,8.0,4.0,33,,,
736,1/6/18,46,7.0,5.0,22,,,
737,1/7/18,45,9.0,4.0,19,46.0,9.0,3.0
738,1/8/18,51,11.0,4.0,25,,,
739,1/9/18,48,10.0,4.0,23,,,
740,1/10/18,50,12.0,4.0,24,,,
741,1/11/18,56,10.0,3.0,23,,,
742,1/12/18,46,8.0,3.0,16,,,
743,1/13/18,41,8.0,3.0,12,,,
744,1/14/18,37,7.0,3.0,11,57.0,8.0,3.0
745,1/15/18,38,7.0,2.0,11,,,
746,1/16/18,75,10.0,4.0,18,,,
747,1/17/18,100,11.0,4.0,17,,,
748,1/18/18,69,8.0,3.0,14,,,
749,1/19/18,51,6.0,2.0,10,,,
750,1/20/18,42,5.0,2.0,8,,,
751,1/21/18,38,5.0,2.0,7,37.0,4.0,2.0
752,1/22/18,46,5.0,2.0,8,,,
753,1/23/18,44,5.0,2.0,8,,,
754,1/24/18,41,5.0,2.0,7,,,
755,1/25/18,38,5.0,2.0,6,,,
756,1/26/18,39,4.0,2.0,6,,,
757,1/27/18,32,4.0,2.0,5,,,
758,1/28/18,31,5.0,2.0,5,39.0,5.0,2.0
759,1/29/18,32,5.0,2.0,6,,,
760,1/30/18,36,4.0,2.0,6,,,
761,1/31/18,38,5.0,2.0,6,,,
762,2/1/18,49,5.0,2.0,7,,,
763,2/2/18,64,6.0,2.0,8,,,
764,2/3/18,43,4.0,2.0,6,,,
765,2/4/18,37,4.0,3.0,5,47.0,4.0,2.0
766,2/5/18,64,6.0,2.0,6,,,
767,2/6/18,81,6.0,2.0,7,,,
768,2/7/18,51,4.0,2.0,6,,,
769,2/8/18,43,4.0,2.0,5,,,
770,2/9/18,38,3.0,2.0,5,,,
771,2/10/18,30,3.0,2.0,6,,,
772,2/11/18,27,3.0,1.0,5,27.0,3.0,3.0
773,2/12/18,31,3.0,1.0,5,,,
774,2/13/18,28,3.0,1.0,4,,,
775,2/14/18,29,3.0,5.0,5,,,
776,2/15/18,31,3.0,4.0,5,,,
777,2/16/18,27,3.0,3.0,4,,,
778,2/17/18,26,3.0,3.0,5,,,
779,2/18/18,27,3.0,4.0,4,23.0,2.0,3.0
780,2/19/18,25,3.0,3.0,4,,,
781,2/20/18,28,3.0,4.0,4,,,
782,2/21/18,28,3.0,3.0,4,,,
783,2/22/18,26,3.0,2.0,4,,,
784,2/23/18,23,2.0,2.0,3,,,
785,2/24/18,20,2.0,1.0,3,,,
786,2/25/18,19,2.0,2.0,3,19.0,2.0,1.0
787,2/26/18,21,2.0,2.0,3,,,
788,2/27/18,22,2.0,2.0,3,,,
789,2/28/18,21,2.0,1.0,3,,,
790,3/1/18,19,2.0,1.0,3,,,
791,3/2/18,19,2.0,1.0,3,,,
792,3/3/18,19,2.0,1.0,3,,,
793,3/4/18,17,2.0,1.0,3,19.0,2.0,1.0
794,3/5/18,19,2.0,1.0,5,,,
795,3/6/18,19,2.0,1.0,4,,,
796,3/7/18,22,2.0,1.0,3,,,
797,3/8/18,22,2.0,1.0,3,,,
798,3/9/18,24,2.0,1.0,3,,,
799,3/10/18,17,2.0,1.0,2,,,
800,3/11/18,17,2.0,1.0,2,19.0,2.0,1.0
801,3/12/18,20,2.0,1.0,3,,,
802,3/13/18,19,2.0,1.0,3,,,
803,3/14/18,22,2.0,1.0,3,,,
804,3/15/18,24,2.0,1.0,3,,,
805,3/16/18,20,2.0,1.0,3,,,
806,3/17/18,18,2.0,1.0,2,,,
807,3/18/18,22,3.0,1.0,3,18.0,2.0,1.0
808,3/19/18,21,2.0,1.0,3,,,
809,3/20/18,19,2.0,1.0,3,,,
810,3/21/18,19,2.0,1.0,2,,,
811,3/22/18,18,2.0,1.0,2,,,
812,3/23/18,17,2.0,1.0,2,,,
813,3/24/18,15,1.0,1.0,2,,,
814,3/25/18,15,2.0,1.0,2,18.0,2.0,1.0
815,3/26/18,20,2.0,1.0,2,,,
816,3/27/18,19,2.0,1.0,2,,,
817,3/28/18,17,2.0,1.0,3,,,
