,Day,cyber attack,date,btc_per,eth_per,ltc_per,txVolume(USD),txCount,marketcap(USD),price(USD),exchangeVolume(USD),generatedCoins,fees,activeAddresses,count,sum,txVolume(USD)_e_e,txCount_e_e,marketcap(USD)_e_e,price(USD)_e_e,exchangeVolume(USD)_e_e,generatedCoins_e_e,fees_e_e,activeAddresses_e_e,txVolume(USD)_l,txCount_l,marketcap(USD)_l,price(USD)_l,exchangeVolume(USD)_l,generatedCoins_l,fees_l,activeAddresses_l,Price_futures,Open_futures,High_futures,Low_futures,Vol._futures,Change %_futures
855,12/12/17,41.0,2017-12-12,59.0,7.0,22.0,45542037888.6,372821,283155000000.0,16919.8,14603800000.0,1950.0,537.94407913,null,29.0,10974.0,7379303372.26,1318300,50286400000.0,522.29,5179830000.0,17280.28125,1559.06119539,413363,7638160590.02,156717,11528600000.0,212.46,6961680000.0,14250.0,360.90044900000004,null,"18,020","18,550","18,760","17,400",1.54K,-2.83
856,12/13/17,37.0,2017-12-13,53.0,8.0,13.0,48353069370.8,424393,292900000000.0,17500.0,12976900000.0,2325.0,604.2979452000001,null,28.0,11002.0,7121890999.02,1137119,62105600000.0,644.91,4524540000.0,18906.09375,1445.28530011,439381,7687014672.18,136446,17116500000.0,315.36,3409790000.0,15525.0,482.91752641,null,"17,055","18,010","18,320","16,160",1.59K,-5.36
857,12/14/17,47.0,2017-12-14,46.0,6.0,9.0,37521936559.5,490459,274269000000.0,16384.6,13777400000.0,2312.5,644.60794431,null,37.0,11039.0,8546375983.66,942559,67482900000.0,700.59,3821580000.0,20787.65625,1714.10815277,464401,3748563097.12,143609,16352400000.0,301.2,2114880000.0,15750.0,321.96257662,null,"16,800","17,080","17,530","16,500",1.05K,-1.5
858,12/15/17,33.0,2017-12-15,42.0,5.0,6.0,35932354891.7,405507,277936000000.0,16601.3,14310000000.0,2112.49999921,592.70393429,null,20.0,11059.0,7038718838.14,904346,67090900000.0,696.38,2758710000.0,20829.84375,1455.13698942,428066,4179439512.46,116514,15258500000.0,280.97,2599940000.0,15300.0,128.03332985,null,"18,105","16,800","18,600","16,760",1.52K,7.77
860,12/17/17,35.0,2017-12-17,47.0,5.0,5.0,37469204186.1,391725,326141000000.0,19475.8,13314600000.0,2312.5,535.43867532,null,7.0,11088.0,5619825552.76,876574,67106400000.0,696.24,2147390000.0,20346.9375,1172.63438579,401425,2898540082.94,107871,16398800000.0,301.78,1703580000.0,15150.0,126.36192120000001,null,"19,550","19,950","20,500","19,320",0,7.98
861,12/18/17,24.0,2017-12-18,47.0,5.0,5.0,46053266583.7,394057,320000000000.0,19106.4,14839500000.0,2275.0,587.12548366,null,13.0,11101.0,6265539681.04,984021,69578400000.0,721.73,3249230000.0,20561.71875,1161.9289019999999,470458,2792750736.01,110604,17336500000.0,318.95,1966600000.0,15100.0,200.26269099,null,"19,055","20,000","20,500","18,170",3.86K,-2.53
862,12/19/17,88.0,2017-12-19,51.0,7.0,6.0,27921654891.1,378482,320242000000.0,19118.3,16894500000.0,1750.0,662.59550536,null,21.0,11122.0,8953367688.68,1092234,76552200000.0,793.9,4096550000.0,20631.375,1487.48222327,503282,5938053298.44,138052,19525500000.0,359.13,2150480000.0,13425.0,143.07260579,null,"17,555","19,070","19,650","17,530",2.60K,-7.87
863,12/20/17,46.0,2017-12-20,68.0,5.0,6.0,28925969428.8,370141,297526000000.0,17760.3,22149700000.0,1700.0,911.59174277,null,15.0,11137.0,10787319533.3,986104,79810600000.0,827.52,3969940000.0,20631.375,1731.48983713,493821,5435595187.53,143881,19012500000.0,349.6,2104060000.0,14075.0,673.72984037,null,"16,700","17,500","18,190","15,660",4.24K,-4.87
864,12/21/17,41.0,2017-12-21,53.0,5.0,5.0,21021432316.6,335350,278827000000.0,16642.4,16516600000.0,1650.0,1128.76167038,null,13.0,11150.0,10869093024.9,1072665,79125300000.0,820.24,3569060000.0,20414.8125,1760.2067906,538200,11756695462.2,162372,17116600000.0,314.66,1555940000.0,14100.0,752.61361958,null,"15,290","16,580","17,200","15,080",4.62K,-8.44
865,12/22/17,24.0,2017-12-22,100.0,6.0,7.0,21320968719.9,380493,266381000000.0,15898.0,22198000000.0,1937.5,1495.94647734,null,15.0,11165.0,11834908290.8,1103523,79374400000.0,822.64,4977710000.0,20571.28125,1640.14807411,568083,4639956647.5,149956,17371200000.0,319.26,2938040000.0,14925.0,534.84132656,null,"13,960","15,370","15,840","11,300",12.55K,-8.7
868,12/25/17,10.0,2017-12-25,40.0,3.0,2.0,19532753166.0,228791,234590000000.0,13995.9,10664700000.0,1687.5,689.39441204,null,4.0,11184.0,4380048429.32,752361,67475100000.0,698.87,2491760000.0,20446.875,756.7676749010001,359699,1358163086.53,77925,15111400000.0,277.49,804377000.0,14100.0,172.98782039,null,"13,790","14,170","14,170","13,790",0,-1.22
869,12/26/17,16.0,2017-12-26,40.0,3.0,3.0,24633024693.3,247298,235294000000.0,14036.6,13454300000.0,1775.0,725.62381816,null,11.0,11195.0,6763153531.73,813510,73717800000.0,763.37,2201160000.0,20383.6875,743.06286587,397072,1206437969.35,82613,14876400000.0,273.11,842993000.0,15525.0,183.82219258,null,"15,810","13,910","16,070","13,790",2.33K,14.65
870,12/27/17,26.0,2017-12-27,37.0,3.0,3.0,27522917856.5,307486,270976000000.0,16163.5,12487600000.0,1950.0,784.81712352,null,19.0,11214.0,7865086383.16,912752,74854100000.0,774.97,2100030000.0,20533.125,826.181804792,425319,1799705552.31,112765,15615200000.0,286.59,777138000.0,14900.0,267.51394684,null,"14,945","15,760","16,570","14,460",2.77K,-5.47
871,12/28/17,15.0,2017-12-28,38.0,3.0,3.0,22350204741.6,304904,265988000000.0,15864.1,12336500000.0,1862.5,785.83389168,null,18.0,11232.0,9632919662.19,949503,73637100000.0,762.21,2389150000.0,20434.125,832.962895658,452867,3283120850.84,111207,14831200000.0,272.13,2593240000.0,14825.0,321.66313634,null,"13,755","15,050","15,300","13,350",3.38K,-7.96
872,12/29/17,11.0,2017-12-29,33.0,3.0,2.0,21928912582.0,353659,246428000000.0,14695.8,13025500000.0,2062.5,785.79504963,null,16.0,11248.0,10883827031.5,1090191,71544300000.0,740.39,2648970000.0,20461.21875,1007.43708137,544454,5112717920.03,155481,13648200000.0,250.35,1392210000.0,14950.0,231.12994152,null,"14,550","13,580","15,010","13,580",4.79K,5.78
875,1/8/18,20.0,2018-01-08,51.0,11.0,4.0,28755019697.5,345506,276612000000.0,16476.2,18413900000.0,2075.0,694.5264055,null,10.0,11344.0,17551600313.3,1215473,112164000000.0,1158.26,8450970000.0,20603.4375,2944.30486048,645894,2869497081.88,146511,15726800000.0,287.73,1182080000.0,14025.0,168.23044497,null,"14,940","16,480","16,540","13,960",5.13K,-8.0
876,1/9/18,25.0,2018-01-09,48.0,10.0,4.0,23699755585.6,360101,253935000000.0,15123.7,16660000000.0,2050.0,752.4182028,null,11.0,11355.0,18481672679.7,1256240,110999000000.0,1146.0,7965460000.0,20735.8125,3091.62689702,701525,2755253420.5,145848,13920200000.0,254.61,940825000.0,13475.0,167.3666241,null,"14,790","15,010","15,430","14,250",2.78K,-1.0
877,1/10/18,18.0,2018-01-10,50.0,12.0,4.0,21480822244.5,347227,244981000000.0,14588.5,18500800000.0,2075.0,720.32570087,null,14.0,11369.0,22594117877.9,1177685,125976000000.0,1300.34,9214950000.0,21081.9375,3696.64640195,645542,2317186688.34,140304,13566300000.0,248.07,1009910000.0,13875.0,165.92200852,null,"14,445","14,790","14,790","13,490",4.46K,-2.33
878,1/11/18,24.0,2018-01-11,56.0,10.0,3.0,18718517841.3,337766,251387000000.0,14968.2,16534100000.0,2412.5,697.44083354,null,18.0,11387.0,20036882281.2,1173965,122879000000.0,1268.09,7235900000.0,21031.40625,3132.4787551,650420,2056890952.41,120843,13758400000.0,251.52,1079390000.0,14675.0,134.128334,null,"13,320","14,450","14,990","12,820",5.99K,-7.79
879,1/12/18,19.0,2018-01-12,46.0,8.0,3.0,16490708794.0,299913,225986000000.0,13453.9,12065700000.0,2225.0,617.63579417,null,24.0,11411.0,14500776314.4,1118757,112263000000.0,1158.29,5222300000.0,20917.125,2324.70927583,593833,1812515985.08,106887,12572900000.0,229.79,691160000.0,13625.0,133.73444553,null,"13,800","13,240","14,090","12,870",3.00K,3.6
881,1/14/18,9.0,2018-01-14,37.0,7.0,3.0,12266702309.8,234890,241447000000.0,14370.8,11084100000.0,1937.5,491.32446483,null,11.0,11434.0,34772491598.7,1081593,135503000000.0,1397.48,4841630000.0,21025.875,2236.83827578,579714,2196018583.27,88779,14265000000.0,260.58,886415000.0,15750.0,109.88905577,null,"13,700","13,620","13,720","13,620",0,-0.72
882,1/15/18,27.0,2018-01-15,38.0,7.0,2.0,13172946669.1,273473,231334000000.0,13767.3,12750800000.0,1875.0,510.11761779,null,14.0,11448.0,16006341544.8,1206420,132404000000.0,1365.21,4781100000.0,20413.875,2227.02679761,694739,1702216664.64,90381,12993700000.0,237.29,601770000.0,13975.0,117.0398274,null,"13,570","13,700","14,310","13,440",0,-0.95
883,1/16/18,21.0,2018-01-16,75.0,10.0,4.0,28204175767.4,303566,232517000000.0,13836.1,18853800000.0,1987.5,606.38246009,null,14.0,11462.0,19751150383.7,1277936,125389000000.0,1292.63,8405140000.0,20887.59375,2229.81190953,719093,2348522411.36,117447,12752100000.0,232.82,1405070000.0,15350.0,146.24360262,null,"11,055","13,650","14,300","10,930",9.95K,-18.53
884,1/17/18,29.0,2018-01-17,100.0,11.0,4.0,17637597012.2,315604,192123000000.0,11431.1,18830600000.0,2087.5,675.09668652,null,11.0,11473.0,16995470507.0,1277083,102974000000.0,1061.34,8545160000.0,20843.25,2069.22574444,703314,1563652132.13,113111,10417800000.0,190.15,1422490000.0,15100.0,148.58420394,null,"11,055","10,850","11,700","9,200",5.25K,0.0
885,1/18/18,32.0,2018-01-18,69.0,8.0,3.0,15128920554.4,309322,188242000000.0,11198.8,15020400000.0,2162.5,656.89753535,null,9.0,11482.0,14016567259.9,1205184,98642100000.0,1016.44,5938320000.0,20549.0625,2153.06673894,669433,1408148568.91,95276,10245500000.0,186.95,936784000.0,14625.0,121.21560363,null,"11,765","10,990","12,140","10,620",9.80K,6.42
886,1/19/18,21.0,2018-01-19,51.0,6.0,2.0,11760289034.2,243454,192150000000.0,11429.8,10740400000.0,2062.5,491.48999429,null,23.0,11505.0,9405274223.39,1043257,99863900000.0,1028.82,4084450000.0,20638.6875,1866.32652404,529465,868830132.018,70009,10480800000.0,191.19,560284000.0,14750.0,97.42426049,null,"11,400","11,680","12,090","11,030",7.10K,-3.1
888,1/21/18,17.0,2018-01-21,38.0,5.0,2.0,9135857725.22,215435,216740000000.0,12889.2,9935180000.0,2337.5,343.36269629,null,8.0,11530.0,8620990344.56,1006530,112226000000.0,1155.68,3378090000.0,20274.65625,1323.96038541,582462,651386353.476,55466,11585700000.0,211.24,463516000.0,14100.0,74.97143,null,"11,590","11,480","11,590","11,400",0,1.67
889,1/22/18,30.0,2018-01-22,46.0,5.0,2.0,11990946776.3,245395,195645000000.0,11633.1,10537400000.0,2087.5,314.61253947,null,15.0,11545.0,9436835033.35,972911,102504000000.0,1055.35,3810100000.0,20564.625,1196.76265691,496788,743153842.0389999,61730,10521900000.0,191.79,494091000.0,14550.0,83.96600813010001,null,"10,215","11,220","11,880","10,110",9.10K,-11.86
890,1/23/18,34.0,2018-01-23,44.0,5.0,2.0,11920415581.8,271759,184087000000.0,10944.5,9660610000.0,2212.5,285.95800518,null,11.0,11556.0,8648758338.42,928494,97554300000.0,1004.17,3556700000.0,20488.3125,1439.10428008,459296,534811147.01,59717,9892990000.0,180.28,441765000.0,14300.0,83.39240562,null,"10,975","10,190","11,450","9,910",11.24K,7.44
891,1/24/18,42.0,2018-01-24,41.0,5.0,2.0,11955565338.3,250247,183419000000.0,10903.4,9940990000.0,2200.0,283.49809897,null,11.0,11567.0,8507204808.98,913668,95952700000.0,987.48,3944040000.0,20575.40625,1292.59305475,438353,945719807.655,59072,9793780000.0,178.43,375949000.0,14825.0,81.27281883,null,"11,195","10,990","11,490","10,450",7.42K,2.0
892,1/25/18,27.0,2018-01-25,38.0,5.0,2.0,9754662056.81,236422,192163000000.0,11421.7,8873170000.0,1975.0,220.85446644,null,12.0,11579.0,4363645979.46,788515,103335000000.0,1063.22,4050190000.0,20337.5625,1058.46029772,358124,726123359.53,61836,9968750000.0,181.56,363138000.0,14400.0,80.3827175699,null,"11,300","11,250","11,730","10,840",7.26K,0.94
893,1/26/18,24.0,2018-01-26,39.0,4.0,2.0,11742366541.3,220304,189398000000.0,11256.0,9746200000.0,1937.5,209.13221596,null,10.0,11589.0,10486316062.5,953429,102334000000.0,1052.7,3617690000.0,20401.03125,958.7589108510001,463443,826360183.3180001,57452,9875590000.0,179.82,375477000.0,16325.0,81.52443368,null,"10,940","11,170","11,610","10,240",7.58K,-3.19
895,1/28/18,8.0,2018-01-28,31.0,5.0,2.0,11038244788.6,213288,193133000000.0,11475.3,8350360000.0,1975.0,155.34485572,null,8.0,11604.0,8142963937.46,889104,108122000000.0,1111.78,5372330000.0,20563.3125,887.8234054610001,419512,1742925629.65,51278,9969420000.0,181.42,363515000.0,14375.0,80.3440879501,null,"11,700","11,530","11,710","11,530",0,6.95
896,1/29/18,30.0,2018-01-29,32.0,5.0,2.0,9673896110.37,232028,197871000000.0,11755.5,7107360000.0,1850.0,145.75112922,null,19.0,11623.0,9938016882.82,936845,121269000000.0,1246.7,3715080000.0,20556.75,1275.09118889,453837,1205746265.53,50067,10649800000.0,193.75,303561000.0,15600.0,73.7643374,null,"11,170","11,560","11,760","10,950",5.97K,-4.53
897,1/30/18,21.0,2018-01-30,36.0,4.0,2.0,9215469710.63,236442,190339000000.0,11306.8,8637860000.0,2087.5,160.30090386,null,11.0,11634.0,10066164616.3,906578,115207000000.0,1184.13,4107860000.0,20304.9375,1062.58104481,433203,1297252658.18,55270,9976170000.0,181.44,433227000.0,15500.0,79.55434222,null,"10,115","11,200","11,240","9,680",8.11K,-9.44
898,1/31/18,19.0,2018-01-31,38.0,5.0,2.0,7689823496.35,204159,170183000000.0,10108.2,8041160000.0,1462.5,162.20623626,null,11.0,11645.0,8807713606.45,877284,104231000000.0,1071.09,3757560000.0,20533.875,1068.64828456,435645,563403104.6930001,54531,9090870000.0,165.3,363293000.0,13625.0,82.43093168,null,"9,955","10,110","10,320","9,520",5.18K,-1.58
899,2/1/18,21.0,2018-02-01,49.0,5.0,2.0,10437874263.6,257504,172372000000.0,10237.3,9959400000.0,2000.0,214.02754492,null,10.0,11655.0,9281152795.89,1008759,108952000000.0,1119.37,5261680000.0,20546.625,1550.75447517,487375,668611085.861,57962,9004330000.0,163.68,539880000.0,15675.0,84.50428941,null,"9,080","9,970","10,190","8,460",8.64K,-8.79
900,2/2/18,19.0,2018-02-02,64.0,6.0,2.0,10418735069.6,235750,153953000000.0,9142.28,12726900000.0,2100.0,274.36258243,null,8.0,11663.0,11525863619.9,981133,100836000000.0,1035.77,6713290000.0,20638.96875,1202.44658171,480520,690100829.214,66669,7844710000.0,142.56,815540000.0,13975.0,98.03971275,null,"8,500","9,160","9,260","7,700",10.31K,-6.39
902,2/4/18,20.0,2018-02-04,37.0,4.0,3.0,5630156385.7,173509,154553000000.0,9175.7,7073550000.0,2225.0,111.31669812,null,1.0,11670.0,4901708976.79,800876,93953400000.0,964.67,2997090000.0,20315.4375,844.771117178,391709,1127520499.81,45225,8829970000.0,160.38,1006080000.0,15000.0,74.24730261010001,null,"8,160","8,520","8,520","8,150",0,-4.0
903,2/5/18,19.0,2018-02-05,64.0,6.0,2.0,12235146915.0,216178,139325000000.0,8270.54,9285290000.0,2312.49999924,173.7675019,null,17.0,11687.0,6017923283.99,875761,81337400000.0,834.96,4269530000.0,20633.8125,873.209993831,421743,915761710.5689999,51043,8190580000.0,148.73,844678000.0,14850.0,82.6076394199,null,"7,055","8,450","8,460","6,600",11.10K,-13.54
904,2/6/18,31.0,2018-02-06,81.0,6.0,2.0,10209584542.7,243950,118810000000.0,7051.75,13999800000.0,2125.0,164.26998571,null,9.0,11696.0,6306822927.97,888219,68958700000.0,707.74,6518270000.0,20381.625,925.6717158380001,426816,696292812.195,59946,7024630000.0,127.52,1148410000.0,16275.0,84.30704415,null,"7,580","7,290","7,770","5,880",9.88K,7.44
905,2/7/18,28.0,2018-02-07,51.0,4.0,2.0,7383538359.06,213578,130683000000.0,7755.49,9169280000.0,1762.5,123.52109098,null,13.0,11709.0,5559680835.81,818625,77032000000.0,790.43,3896180000.0,20433.75,850.59181078,392057,706127471.9530001,50320,7851100000.0,142.48,817808000.0,14275.0,76.2774976101,null,"8,265","7,780","8,560","7,190",6.45K,9.04
906,2/8/18,19.0,2018-02-08,43.0,4.0,2.0,7389507379.63,173158,128714000000.0,7637.86,9346750000.0,1637.5,87.98500449,null,5.0,11714.0,2760098148.37,681344,73676900000.0,755.84,3708190000.0,20382.09375,654.747657377,320195,551998188.869,37148,7624630000.0,138.34,869207000.0,15700.0,60.348899449899996,null,"8,280","8,190","8,660","7,560",4.28K,0.18
907,2/9/18,22.0,2018-02-09,38.0,3.0,2.0,7502707124.25,177725,139412000000.0,8271.84,6784820000.0,1687.5,88.36425123,null,18.0,11732.0,4217831832.95,789807,79799300000.0,818.48,2495820000.0,20271.75,702.094308269,370461,557879744.742,44811,8254980000.0,149.73,722205000.0,14775.0,75.34250322,null,"8,600","8,200","8,730","7,700",3.91K,3.86
909,2/11/18,25.0,2018-02-11,27.0,3.0,1.0,9520593484.72,147057,145245000000.0,8616.13,6122190000.0,1887.5,61.96458348,null,2.0,11736.0,3435390406.05,773496,83813000000.0,859.29,2486650000.0,20119.40625,646.192856431,347348,509249175.666,36009,8571530000.0,155.39,495720000.0,14600.0,59.68257197,null,"8,070","8,300","8,380","8,070",0,-6.16
910,2/12/18,35.0,2018-02-12,31.0,3.0,1.0,11113984444.6,186752,137258000000.0,8141.43,6256440000.0,2075.0,69.96971094,null,4.0,11740.0,3809068383.99,829020,79754400000.0,817.51,2243450000.0,20490.84375,642.81452428,395976,386277395.41300005,40374,8282050000.0,150.1,535710000.0,14625.0,63.8652649,null,"8,835","8,320","8,900","8,010",3.27K,9.48
911,2/13/18,30.0,2018-02-13,28.0,3.0,1.0,8924752164.74,182820,150516000000.0,8926.72,5696720000.0,2050.0,68.57325292,null,12.0,11752.0,5603860692.56,745822,84824200000.0,869.29,2081170000.0,20444.4375,631.47010946,337582,2742799230.62,41515,8928360000.0,161.78,483468000.0,15100.0,64.96108846,null,"8,685","8,840","8,970","8,340",3.29K,-1.7
912,2/14/18,32.0,2018-02-14,29.0,3.0,5.0,9585133737.85,196238,145023000000.0,8599.92,7909820000.0,2237.5,63.7584692601,null,6.0,11758.0,4132727550.27,746384,82400600000.0,844.28,2818370000.0,20052.5625,642.037200275,356928,1113145418.73,62134,8809590000.0,159.58,2383340000.0,14575.0,105.88242017,null,"8,685","8,610","9,400","8,470",2.14K,0.0
913,2/15/18,28.0,2018-02-15,31.0,3.0,4.0,9046158952.15,198052,160025000000.0,9488.32,9062540000.0,1637.5,64.08005499,null,8.0,11766.0,5083084029.26,777318,90173300000.0,923.73,2900100000.0,20603.53125,634.59707879,369499,1940812798.63,64146,11725700000.0,212.35,2087290000.0,14600.0,107.95898017,null,"10,095","9,350","10,220","9,310",5.75K,16.23
914,2/16/18,25.0,2018-02-16,27.0,3.0,3.0,6879188520.01,187581,170960000000.0,10135.7,7296160000.0,1962.5,58.25713445,null,10.0,11776.0,4069546921.54,704758,91272100000.0,934.79,2369450000.0,20377.125,601.582134923,312693,944142622.459,55687,12455300000.0,225.5,1300090000.0,14525.0,81.5280259399,null,"10,135","10,060","10,320","9,740",4.23K,0.4
916,2/18/18,12.0,2018-02-18,27.0,3.0,4.0,14588036498.5,159333,187663000000.0,11123.4,8744010000.0,2025.0,44.5832808101,null,9.0,11787.0,4050398618.96,756092,95077100000.0,973.35,2567290000.0,20346.09375,766.14504792,314608,2004310691.74,75280,12738800000.0,230.51,1011120000.0,14925.0,114.95309574,null,"10,390","10,150","10,640","10,150",0,2.52
917,2/19/18,20.0,2018-02-19,25.0,3.0,3.0,15274937955.0,187205,178055000000.0,10552.6,7652090000.0,2025.0,50.9081119001,null,9.0,11796.0,3515123303.56,811384,90047700000.0,921.67,2169020000.0,20427.375,656.179260443,356302,686853661.998,55631,11907900000.0,215.41,767597000.0,13950.0,91.2252376199,null,"11,210","10,390","11,270","10,330",0,7.89
918,2/20/18,21.0,2018-02-20,28.0,3.0,4.0,11256696602.2,198314,189536000000.0,11231.8,9926540000.0,1762.5,52.23072575,null,9.0,11805.0,4203523591.4,886897,92206500000.0,943.57,2545260000.0,20407.3125,745.4169636419999,378453,746941071.9530001,57841,12335100000.0,223.09,1739670000.0,14650.0,97.08622136,null,"11,685","10,440","11,800","10,330",8.39K,4.24
919,2/21/18,26.0,2018-02-21,28.0,3.0,3.0,12215613119.1,205032,191927000000.0,11372.2,9405340000.0,2112.5,40.68256761,null,10.0,11815.0,3894221425.32,850504,87394200000.0,894.13,2531730000.0,20670.5625,741.308287977,351754,678587623.017,47113,12773200000.0,230.95,1195820000.0,14750.0,78.77866681,null,"10,340","11,710","11,770","10,180",8.65K,-11.51
920,2/22/18,27.0,2018-02-22,26.0,3.0,2.0,12015582851.9,183086,179936000000.0,10660.4,8040080000.0,1862.5,37.60222865,null,5.0,11820.0,4813951400.83,761893,83025800000.0,849.26,2150370000.0,20403.09375,614.720011617,329591,1048006594.38,43229,11774800000.0,212.84,974379000.0,14800.0,74.0882027101,null,"10,015","10,330","10,850","9,700",6.78K,-3.14
921,2/23/18,24.0,2018-02-23,23.0,2.0,2.0,7347626606.17,185045,167746000000.0,9937.07,7739500000.0,1850.0,73.94810594,null,9.0,11829.0,2561777240.19,733084,79358900000.0,811.59,2334820000.0,20661.0,626.4113855209999,315849,613925198.579,41534,10746100000.0,194.19,1065680000.0,15075.0,71.16945129999999,null,"9,920","9,860","10,340","9,530",6.59K,-0.95
923,2/25/18,17.0,2018-02-25,19.0,2.0,2.0,4384695642.1,144698,165407000000.0,9796.42,5706940000.0,2137.5,41.44060303,null,5.0,11839.0,1579475870.47,690582,82119100000.0,839.46,1646960000.0,20219.15625,548.954074266,282267,363372843.617,36437,11523500000.0,208.13,1028590000.0,14050.0,53.82658916,null,"9,560","9,680","9,700","9,510",0,-3.63
924,2/26/18,27.0,2018-02-26,21.0,2.0,2.0,6386756346.89,186333,163283000000.0,9669.43,7287690000.0,1762.5,46.19035139,null,10.0,11849.0,2084869097.09,737453,82705400000.0,845.28,2044480000.0,20335.3125,546.312001807,350653,545217203.123,41920,12302000000.0,222.14,1297080000.0,14425.0,78.24285644,null,"10,330","9,680","10,400","9,290",2.67K,8.05
925,2/27/18,27.0,2018-02-27,22.0,2.0,2.0,7116756940.12,219464,175536000000.0,10393.9,6966180000.0,2000.0,50.54578675,null,10.0,11859.0,1350335476.37,694583,85177800000.0,870.37,2053980000.0,20412.75,564.395121085,334754,474395879.33699995,42480,12281600000.0,221.71,856454000.0,14450.0,70.10739479,null,"10,675","10,350","10,850","10,120",3.03K,3.34
926,2/28/18,30.0,2018-02-28,21.0,2.0,1.0,9233137526.8,189068,180510000000.0,10687.2,6936190000.0,1937.49999927,51.29908837,null,12.0,11871.0,1378874635.75,720368,85936400000.0,877.93,1963980000.0,20569.125,749.088778485,358558,580126373.737,74744,12039200000.0,217.28,761322000.0,14475.0,75.48160086,null,"10,695","10,660","11,040","10,340",5.43K,0.19
927,3/1/18,31.0,2018-03-01,19.0,2.0,1.0,9757408493.77,233579,175427000000.0,10385.0,7317280000.0,2062.5,52.05574602,null,5.0,11876.0,1459478132.52,684404,83808200000.0,856.01,1868520000.0,20387.15625,571.259398161,328358,382200627.975,50091,11257600000.0,203.12,678542000.0,14375.0,66.04235153,null,"11,025","10,500","11,110","10,200",5.89K,3.09
928,3/2/18,25.0,2018-03-02,19.0,2.0,1.0,7917264412.99,194917,185456000000.0,10977.4,7620590000.0,1950.0,42.01376982,null,7.0,11883.0,1359727189.99,744666,85368100000.0,871.76,1894420000.0,20674.96875,734.4096799539999,336319,418353436.869,38813,11617300000.0,209.56,627142000.0,15000.0,47.64439942,null,"11,015","11,000","11,220","10,770",4.04K,-0.09
930,3/4/18,17.0,2018-03-04,17.0,2.0,1.0,5268982642.49,160083,194289000000.0,11497.4,6084150000.0,1850.0,33.46586197,null,3.0,11890.0,923336640.166,643241,83877800000.0,856.19,1697940000.0,20220.28125,553.921798491,273682,264114235.556,31630,11661400000.0,210.24,574675000.0,14225.0,43.2411373,null,"11,550","11,400","11,580","11,400",0,4.86
931,3/5/18,28.0,2018-03-05,19.0,2.0,1.0,8062165666.72,201289,194903000000.0,11532.4,6468540000.0,1862.5,44.53138052,null,19.0,11909.0,1371697962.42,752756,84939700000.0,866.85,1898490000.0,20317.5,633.9678970909999,342784,376907573.258,37546,11858800000.0,213.74,594829000.0,15725.0,46.69046359,null,"11,570","11,350","11,710","11,350",2.64K,0.17
932,3/6/18,23.0,2018-03-06,19.0,2.0,1.0,7260012004.65,205860,194378000000.0,11500.1,6832170000.0,1950.0,37.24003205,null,12.0,11921.0,1671353896.64,712591,83680400000.0,853.82,1943070000.0,20446.03125,516.093938894,345761,459394144.936,36769,11683000000.0,210.51,661078000.0,15625.0,46.7440256,null,"10,735","11,600","11,650","10,550",4.12K,-7.22
933,3/7/18,24.0,2018-03-07,22.0,2.0,1.0,7144578485.21,213821,182631000000.0,10803.9,8797910000.0,1962.5,34.8377064,null,22.0,11943.0,1624823061.33,783757,80017300000.0,816.27,2175420000.0,20616.9375,610.123386231,448019,437709173.36,38530,10926500000.0,196.83,755925000.0,15475.0,47.51002192,null,"9,835","10,780","10,900","9,370",8.78K,-8.38
934,3/8/18,28.0,2018-03-08,22.0,2.0,1.0,7230854770.82,196260,168241000000.0,9951.44,7186090000.0,2025.0,35.63080068,null,5.0,11948.0,1262863624.97,690139,73788400000.0,752.57,1891640000.0,20299.59375,540.633566535,329912,564954944.022,36806,10311600000.0,185.7,612509000.0,14575.0,77.8337770098,null,"9,440","9,980","10,140","9,070",7.75K,-4.02
935,3/9/18,17.0,2018-03-09,24.0,2.0,1.0,7513778455.8,198034,159185000000.0,9414.69,8704190000.0,1825.0,34.8459414,null,4.0,11952.0,1277175293.11,650058,68863600000.0,702.2,2233020000.0,20375.0625,500.781516993,317340,474991415.648,39903,9802410000.0,176.48,943364000.0,13800.0,49.16242811,null,"9,135","9,300","9,450","8,380",8.20K,-3.23
937,3/11/18,17.0,2018-03-11,17.0,2.0,1.0,4125518664.93,150731,149716000000.0,8852.78,6296370000.0,1912.5,39.61038377,null,4.0,11959.0,746910932.6810001,608899,67235700000.0,685.31,1562680000.0,20532.5625,361.572810784,270698,396873605.066,28583,9864710000.0,177.51,669378000.0,14475.0,39.5156146801,null,"9,620","9,310","9,820","9,310",0,5.31
938,3/12/18,20.0,2018-03-12,20.0,2.0,1.0,6416998188.76,188233,162421000000.0,9602.93,6457400000.0,2012.5,33.46783473,null,9.0,11968.0,1085039653.8,677908,71086000000.0,724.41,1765000000.0,20360.4375,513.4220003319999,312268,422242963.446,30179,10506700000.0,189.02,567629000.0,14600.0,44.221591259899995,null,"8,855","9,450","9,960","8,740",8.15K,-7.95
939,3/13/18,40.0,2018-03-13,19.0,2.0,1.0,5711389197.11,195982,155168000000.0,9173.04,5991140000.0,1975.0,60.67628875,null,9.0,11977.0,1906177176.82,699093,68524000000.0,698.15,1425960000.0,20381.625,391.731498949,319562,393270050.011,31265,9874530000.0,177.6,468094000.0,15775.0,41.47125743,null,"9,075","9,050","9,500","8,820",11.44K,2.48
940,3/14/18,29.0,2018-03-14,22.0,2.0,1.0,6195101928.36,190898,155891000000.0,9214.65,6438230000.0,1800.0,37.04036657,null,6.0,11983.0,1335574282.87,671198,67857600000.0,691.22,1810560000.0,20410.03125,421.588644265,342300,297169406.788,33328,9785030000.0,175.94,480653000.0,13775.0,41.84021261,null,"8,236","8,970","9,380","8,200",2.03K,-9.25
941,3/15/18,33.0,2018-03-15,24.0,2.0,1.0,6800060235.42,206042,140275000000.0,8290.76,6834430000.0,1800.0,36.64624829,null,12.0,11995.0,1157300355.45,654531,60371800000.0,614.84,1770460000.0,20495.8125,393.576583529,319298,343969231.72400004,35691,8967720000.0,161.2,564609000.0,14025.0,45.1287544101,null,"8,290","8,100","8,470","7,680",14.14K,0.66
942,3/16/18,41.0,2018-03-16,20.0,2.0,1.0,4971515727.6,186823,140834000000.0,8322.91,5289380000.0,1950.0,29.65177072,null,5.0,12000.0,849066668.83,654584,60083700000.0,611.78,1417350000.0,20533.40625,420.405332256,300745,211387914.382,31561,9171160000.0,164.82,436628000.0,15725.0,37.7427654401,null,"8,585","8,350","8,660","7,910",9.42K,3.56
944,3/18/18,22.0,2018-03-18,22.0,3.0,1.0,3900493413.3,164250,133547000000.0,7890.52,6639190000.0,1887.5,25.33293823,null,1.0,12008.0,1579813250.77,684094,54200100000.0,551.64,2685500000.0,20333.0625,363.78777925699995,309523,283850309.978,33000,8492470000.0,152.54,595955000.0,14075.0,38.19523448,null,"8,230","8,170","8,310","8,100",0,-4.14
945,3/19/18,27.0,2018-03-19,21.0,2.0,1.0,5371659508.35,191373,141240000000.0,8344.12,6729110000.0,1937.5,30.78064883,null,5.0,12013.0,1274552362.79,703891,53718600000.0,546.63,2046790000.0,20309.90625,377.053890282,347728,284286987.76,31025,8658190000.0,155.47,504833000.0,14575.0,41.71644102,null,"8,445","8,180","8,730","8,100",7.53K,2.61
946,3/20/18,16.0,2018-03-20,19.0,2.0,1.0,5042975777.59,195041,145922000000.0,8619.67,6361790000.0,1587.5,31.3790795,null,4.0,12017.0,1064969517.24,661791,54722100000.0,556.72,1833680000.0,20410.3125,379.918837075,310436,273901408.81200004,32184,8997260000.0,161.52,492892000.0,13850.0,39.45310999,null,"9,020","8,390","9,040","8,330",6.24K,6.81
947,3/21/18,26.0,2018-03-21,19.0,2.0,1.0,6020064793.42,194694,151316000000.0,8937.48,6043130000.0,1900.0,31.0252744,null,10.0,12027.0,995717188.857,697872,54967300000.0,559.1,1781270000.0,20292.28125,442.726380125,322852,309020099.427,30694,9447220000.0,169.56,462536000.0,14700.0,37.65243504,null,"8,910","9,040","9,190","8,790",4.24K,-1.22
948,3/22/18,66.0,2018-03-22,18.0,2.0,1.0,5156476493.57,185044,151366000000.0,8939.44,5530390000.0,1787.5,27.724788500000003,null,10.0,12037.0,870526034.1010001,619453,55273800000.0,562.1,1523460000.0,20487.28125,426.37998730099997,305756,183351600.164,26996,9403220000.0,168.72,404997000.0,15400.0,35.033596700100006,null,"8,600","8,900","9,110","8,500",4.21K,-3.48
949,3/23/18,100.0,2018-03-23,17.0,2.0,1.0,5165293489.97,179685,147941000000.0,8736.25,5954120000.0,1662.49999856,26.25767336,null,5.0,12042.0,1092264244.13,677103,53098100000.0,539.86,1596350000.0,20233.6875,450.096131193,362117,192965304.319,27804,9118940000.0,163.58,348056000.0,15500.0,34.39320423,null,"8,605","8,630","8,780","8,280",3.77K,0.06
951,3/25/18,15.0,2018-03-25,15.0,2.0,1.0,5402066610.18,135139,145882000000.0,8612.81,4569880000.0,1687.5,20.23147507,null,3.0,12052.0,518515435.495,526372,51431600000.0,522.7,1151170000.0,20330.0625,333.965328266,240238,138481774.83,23312,8860500000.0,158.86,241431000.0,15625.0,29.90674294,null,"8,430","8,690","8,690","8,370",0,-2.03
952,3/26/18,42.0,2018-03-26,20.0,2.0,1.0,6203275507.24,187700,143960000000.0,8498.47,5921040000.0,1875.0,26.98506764,null,4.0,12056.0,1024230594.67,626615,51598000000.0,524.29,1638880000.0,20432.53125,434.589110835,299393,247067701.915,28790,8935560000.0,160.16,407135000.0,14900.0,37.2590951,null,"7,920","8,690","8,690","7,840",3.70K,-6.05
953,3/27/18,42.0,2018-03-27,19.0,2.0,1.0,5969723258.41,186913,138919000000.0,8200.0,5378250000.0,1900.0,27.51028124,null,2.0,12058.0,1217102895.76,584055,48193300000.0,489.59,1617940000.0,20267.90625,360.733891105,277446,192163101.51099998,29504,8312700000.0,148.96,385104000.0,15325.0,37.02610041,null,"7,890","7,910","8,280","7,740",5.75K,-0.38
954,3/28/18,75.0,2018-03-28,17.0,2.0,1.0,5267277711.37,177386,132781000000.0,7836.83,4935290000.0,1687.5,24.09273355,null,36.0,12094.0,1109046177.73,579858,44334000000.0,450.29,1514180000.0,20353.3125,367.473352733,264747,257878252.553,28661,7563030000.0,135.49,328374000.0,14425.0,34.421401519899995,null,"7,890","8,020","8,100","7,750",4.18K,0.0
