,Unnamed: 0,date,btc_price,eth_price,ltc_price,name,total,price,open,high,low,vol,change
0,0,2013-05-01,139.0,,4.29,,,,,,,,
1,1,2013-05-02,116.38,,3.78,,,,,,,,
2,2,2013-05-03,106.25,,3.39,,,,,,,,
3,3,2013-05-04,98.1,,3.03,,,,,,,,
4,4,2013-05-05,112.9,,3.49,,,,,,,,
5,5,2013-05-06,115.98,,3.59,,,,,,,,
6,6,2013-05-07,112.25,,3.37,,,,,,,,
7,7,2013-05-08,109.6,,3.28,,,,,,,,
8,8,2013-05-09,113.2,,3.4,,,,,,,,
9,9,2013-05-10,112.8,,3.41,,,,,,,,
10,10,2013-05-11,117.7,,3.46,,,,,,,,
11,11,2013-05-12,115.64,,3.36,,,,,,,,
12,12,2013-05-13,114.82,,3.26,,,,,,,,
13,13,2013-05-14,117.98,,3.28,,,,,,,,
14,14,2013-05-15,111.4,,2.82,,,,,,,,
15,15,2013-05-16,114.22,,2.93,,,,,,,,
16,16,2013-05-17,118.21,,2.89,,,,,,,,
17,17,2013-05-18,123.5,,3.2,,,,,,,,
18,18,2013-05-19,123.21,,3.3,,,,,,,,
19,19,2013-05-20,122.5,,3.31,,,,,,,,
20,20,2013-05-21,122.02,,3.19,,,,,,,,
21,21,2013-05-22,122.89,,3.09,,,,,,,,
22,22,2013-05-23,123.8,,3.12,,,,,,,,
23,23,2013-05-24,126.3,,3.17,,,,,,,,
24,24,2013-05-25,133.1,,3.19,,,,,,,,
25,25,2013-05-26,131.99,,3.12,,,,,,,,
26,26,2013-05-27,133.5,,3.23,,,,,,,,
27,27,2013-05-28,129.77,,3.1,,,,,,,,
28,28,2013-05-29,129.0,,3.09,,,,,,,,
29,29,2013-05-30,132.25,,3.08,,,,,,,,
30,30,2013-05-31,128.8,,2.97,,,,,,,,
31,31,2013-06-01,128.81,,2.94,,,,,,,,
32,32,2013-06-02,129.3,,2.83,,,,,,,,
33,33,2013-06-03,122.5,,2.73,,,,,,,,
34,34,2013-06-04,120.74,,2.7,,,,,,,,
35,35,2013-06-05,121.4,,2.87,,,,,,,,
36,36,2013-06-06,121.9,,2.88,,,,,,,,
37,37,2013-06-07,118.97,,2.78,,,,,,,,
38,38,2013-06-08,111.0,,2.6,,,,,,,,
39,39,2013-06-09,107.89,,2.55,,,,,,,,
40,40,2013-06-10,100.44,,2.38,,,,,,,,
41,41,2013-06-11,106.35,,2.49,,,,,,,,
42,42,2013-06-12,109.0,,2.41,,,,,,,,
43,43,2013-06-13,108.78,,2.4,,,,,,,,
44,44,2013-06-14,103.95,,2.27,,,,,,,,
45,45,2013-06-15,100.0,,2.14,,,,,,,,
46,46,2013-06-16,99.8,,2.09,,,,,,,,
47,47,2013-06-17,99.9,,2.14,,,,,,,,
48,48,2013-06-18,101.95,,2.28,,,,,,,,
49,49,2013-06-19,107.05,,2.3,,,,,,,,
50,50,2013-06-20,108.25,,2.3,,,,,,,,
51,51,2013-06-21,111.29,,2.33,,,,,,,,
52,52,2013-06-22,109.5,,2.86,,,,,,,,
53,53,2013-06-23,108.2,,2.9,,,,,,,,
54,54,2013-06-24,107.9,,3.13,,,,,,,,
55,55,2013-06-25,102.09,,2.85,,,,,,,,
56,56,2013-06-26,103.33,,2.81,,,,,,,,
57,57,2013-06-27,104.0,,2.88,,,,,,,,
58,58,2013-06-28,101.74,,3.04,,,,,,,,
59,59,2013-06-29,94.66,,2.76,,,,,,,,
60,60,2013-06-30,95.0,,2.79,,,,,,,,
61,61,2013-07-01,97.51,,3.01,,,,,,,,
62,62,2013-07-02,88.05,,2.95,,,,,,,,
63,63,2013-07-03,90.41,,2.85,,,,,,,,
64,64,2013-07-04,78.89,,2.68,,,,,,,,
65,65,2013-07-05,79.99,,2.71,,,,,,,,
66,66,2013-07-06,68.5,,2.42,,,,,,,,
67,67,2013-07-07,68.75,,2.46,,,,,,,,
68,68,2013-07-08,76.5,,2.71,,,,,,,,
69,69,2013-07-09,76.0,,2.58,,,,,,,,
70,70,2013-07-10,76.72,,2.61,,,,,,,,
71,71,2013-07-11,88.0,,2.84,,,,,,,,
72,72,2013-07-12,88.98,,2.72,,,,,,,,
73,73,2013-07-13,93.99,,2.81,,,,,,,,
74,74,2013-07-14,98.7,,2.93,,,,,,,,
75,75,2013-07-15,93.61,,2.87,,,,,,,,
76,76,2013-07-16,98.89,,3.0,,,,,,,,
77,77,2013-07-17,96.71,,3.08,,,,,,,,
78,78,2013-07-18,98.5,,3.15,,,,,,,,
79,79,2013-07-19,90.07,,2.88,,,,,,,,
80,80,2013-07-20,92.0,,2.96,,,,,,,,
81,81,2013-07-21,89.82,,2.87,,,,,,,,
82,82,2013-07-22,92.0,,2.95,,,,,,,,
83,83,2013-07-23,91.6,,2.89,,,,,,,,
84,84,2013-07-24,95.56,,2.99,,,,,,,,
85,85,2013-07-25,94.5,,2.95,,,,,,,,
86,86,2013-07-26,96.95,,2.98,,,,,,,,
87,87,2013-07-27,96.02,,2.9,,,,,,,,
88,88,2013-07-28,94.4,,2.88,,,,,,,,
89,89,2013-07-29,98.6,,2.94,,,,,,,,
90,90,2013-07-30,101.49,,2.97,,,,,,,,
91,91,2013-07-31,107.95,,3.0,,,,,,,,
92,92,2013-08-01,106.21,,2.87,,,,,,,,
93,93,2013-08-02,104.86,,2.94,,,,,,,,
94,94,2013-08-03,104.5,,2.84,,,,,,,,
95,95,2013-08-04,104.95,,3.01,,,,,,,,
96,96,2013-08-05,105.12,,3.0,,,,,,,,
97,97,2013-08-06,106.72,,2.84,,,,,,,,
98,98,2013-08-07,106.75,,2.82,,,,,,,,
99,99,2013-08-08,106.75,,2.75,,,,,,,,
100,100,2013-08-09,103.07,,2.71,,,,,,,,
101,101,2013-08-10,102.8,,2.69,,,,,,,,
102,102,2013-08-11,103.0,,2.55,,,,,,,,
103,103,2013-08-12,105.0,,2.69,,,,,,,,
104,104,2013-08-13,106.99,,2.66,,,,,,,,
105,105,2013-08-14,109.56,,2.76,,,,,,,,
106,106,2013-08-15,112.56,,2.74,,,,,,,,
107,107,2013-08-16,110.0,,2.76,,,,,,,,
108,108,2013-08-17,108.99,,2.72,,,,,,,,
109,109,2013-08-18,112.75,,2.8,,,,,,,,
110,110,2013-08-19,113.38,,2.8,,,,,,,,
111,111,2013-08-20,119.0,,2.82,,,,,,,,
112,112,2013-08-21,121.21,,2.77,,,,,,,,
113,113,2013-08-22,123.3,,2.69,,,,,,,,
114,114,2013-08-23,122.0,,2.78,,,,,,,,
115,115,2013-08-24,118.51,,2.74,,,,,,,,
116,116,2013-08-25,119.6,,2.68,,,,,,,,
117,117,2013-08-26,122.11,,2.58,,,,,,,,
118,118,2013-08-27,120.07,,2.57,,,,,,,,
119,119,2013-08-28,126.48,,2.58,,,,,,,,
120,120,2013-08-29,122.62,,2.54,,,,,,,,
121,121,2013-08-30,122.35,,2.54,,,,,,,,
122,122,2013-08-31,133.09,,2.66,,,,,,,,
123,123,2013-09-01,135.14,,2.59,,,,,,,,
124,124,2013-09-02,138.63,,2.57,,,,,,,,
125,125,2013-09-03,135.61,,2.55,,,,,,,,
126,126,2013-09-04,136.53,,2.6,,,,,,,,
127,127,2013-09-05,126.76,,2.82,,,,,,,,
128,128,2013-09-06,126.49,,2.78,,,,,,,,
129,129,2013-09-07,118.89,,2.68,,,,,,,,
130,130,2013-09-08,124.13,,2.7,,,,,,,,
131,131,2013-09-09,121.86,,2.73,,,,,,,,
132,132,2013-09-10,127.27,,2.73,,,,,,,,
133,133,2013-09-11,125.89,,2.64,,,,,,,,
134,134,2013-09-12,135.55,,2.75,,,,,,,,
135,135,2013-09-13,132.83,,2.69,,,,,,,,
136,136,2013-09-14,135.01,,2.66,,,,,,,,
137,137,2013-09-15,129.4,,2.59,,,,,,,,
138,138,2013-09-16,130.86,,2.65,,,,,,,,
139,139,2013-09-17,131.59,,2.63,,,,,,,,
140,140,2013-09-18,131.71,,2.6,,,,,,,,
141,141,2013-09-19,131.37,,2.55,,,,,,,,
142,142,2013-09-20,129.7,,2.61,,,,,,,,
143,143,2013-09-21,126.95,,2.48,,,,,,,,
144,144,2013-09-22,127.87,,2.53,,,,,,,,
145,145,2013-09-23,128.98,,2.53,,,,,,,,
146,146,2013-09-24,126.05,,2.47,,,,,,,,
147,147,2013-09-25,127.38,,2.47,,,,,,,,
148,148,2013-09-26,128.21,,2.37,,,,,,,,
149,149,2013-09-27,128.94,,2.4,,,,,,,,
150,150,2013-09-28,133.77,,2.39,,,,,,,,
151,151,2013-09-29,134.9,,2.27,,,,,,,,
152,152,2013-09-30,137.15,,2.3,,,,,,,,
153,153,2013-10-01,132.68,,2.34,,,,,,,,
154,154,2013-10-02,132.05,,2.42,,,,,,,,
155,155,2013-10-03,114.45,,1.98,,,,,,,,
156,156,2013-10-04,123.41,,2.18,,,,,,,,
157,157,2013-10-05,128.63,,2.19,,,,,,,,
158,158,2013-10-06,128.36,,2.13,,,,,,,,
159,159,2013-10-07,129.43,,2.17,,,,,,,,
160,160,2013-10-08,126.74,,2.1,,,,,,,,
161,161,2013-10-09,125.85,,1.98,,,,,,,,
162,162,2013-10-10,130.67,,1.93,,,,,,,,
163,163,2013-10-11,130.75,,2.03,,,,,,,,
164,164,2013-10-12,130.9,,2.07,,,,,,,,
165,165,2013-10-13,135.19,,2.12,,,,,,,,
166,166,2013-10-14,139.27,,2.15,,,,,,,,
167,167,2013-10-15,140.77,,2.06,,,,,,,,
168,168,2013-10-16,145.65,,1.97,,,,,,,,
169,169,2013-10-17,142.41,,1.92,,,,,,,,
170,170,2013-10-18,146.37,,1.92,,,,,,,,
171,171,2013-10-19,155.91,,1.91,,,,,,,,
172,172,2013-10-20,171.66,,1.87,,,,,,,,
173,173,2013-10-21,174.8,,1.93,,,,,,,,
174,174,2013-10-22,182.65,,1.82,,,,,,,,
175,175,2013-10-23,193.36,,1.7,,,,,,,,
176,176,2013-10-24,214.3,,2.06,,,,,,,,
177,177,2013-10-25,197.69,,2.29,,,,,,,,
178,178,2013-10-26,187.45,,2.16,,,,,,,,
179,179,2013-10-27,176.6,,2.2,,,,,,,,
180,180,2013-10-28,196.21,,2.13,,,,,,,,
181,181,2013-10-29,198.55,,2.17,,,,,,,,
182,182,2013-10-30,204.39,,2.13,,,,,,,,
183,183,2013-10-31,199.83,,2.28,,,,,,,,
184,184,2013-11-01,203.9,,2.34,,,,,,,,
185,185,2013-11-02,205.81,,2.46,,,,,,,,
186,186,2013-11-03,205.99,,2.72,,,,,,,,
187,187,2013-11-04,214.66,,2.9,,,,,,,,
188,188,2013-11-05,229.21,,3.08,,,,,,,,
189,189,2013-11-06,244.78,,3.04,,,,,,,,
190,190,2013-11-07,261.68,,3.36,,,,,,,,
191,191,2013-11-08,297.85,,4.38,,,,,,,,
192,192,2013-11-09,338.58,,4.61,,,,,,,,
193,193,2013-11-10,348.82,,4.34,,,,,,,,
194,194,2013-11-11,325.41,,3.91,,,,,,,,
195,195,2013-11-12,343.06,,4.01,,,,,,,,
196,196,2013-11-13,360.97,,4.02,,,,,,,,
197,197,2013-11-14,406.41,,4.11,,,,,,,,
198,198,2013-11-15,419.41,,4.27,,,,,,,,
199,199,2013-11-16,417.28,,4.19,,,,,,,,
200,200,2013-11-17,440.96,,4.33,,,,,,,,
201,201,2013-11-18,496.58,,4.13,,,,,,,,
202,202,2013-11-19,712.76,,9.42,,,,,,,,
203,203,2013-11-20,577.98,,7.96,,,,,,,,
204,204,2013-11-21,594.32,,8.01,,,,,,,,
205,205,2013-11-22,724.07,,9.36,,,,,,,,
206,206,2013-11-23,771.7,,10.12,,,,,,,,
207,207,2013-11-24,795.63,,10.59,,,,,,,,
208,208,2013-11-25,773.02,,10.32,,,,,,,,
209,209,2013-11-26,805.73,,12.38,,,,,,,,
210,210,2013-11-27,923.85,,19.91,,,,,,,,
211,211,2013-11-28,1003.38,,38.99,,,,,,,,
212,212,2013-11-29,1042.01,,44.37,,,,,,,,
213,213,2013-11-30,1129.37,,36.94,,,,,,,,
214,214,2013-12-01,1128.92,,40.57,,,,,,,,
215,215,2013-12-02,951.42,,34.47,,,,,,,,
216,216,2013-12-03,1046.4,,33.35,,,,,,,,
217,217,2013-12-04,1077.58,,39.32,,,,,,,,
218,218,2013-12-05,1152.73,,44.53,,,,,,,,
219,219,2013-12-06,1042.38,,37.46,,,,,,,,
220,220,2013-12-07,835.32,,29.74,,,,,,,,
221,221,2013-12-08,697.31,,23.18,,,,,,,,
222,222,2013-12-09,793.8,,27.21,,,,,,,,
223,223,2013-12-10,892.32,,31.5,,,,,,,,
224,224,2013-12-11,989.07,,36.29,,,,,,,,
225,225,2013-12-12,882.78,,31.23,,,,,,,,
226,226,2013-12-13,874.98,,31.65,,,,,,,,
227,227,2013-12-14,899.85,,31.45,,,,,,,,
228,228,2013-12-15,875.29,,30.46,,,,,,,,
229,229,2013-12-16,880.33,,31.39,,,,,,,,
230,230,2013-12-17,706.37,,24.43,,,,,,,,
231,231,2013-12-18,678.2,,21.85,,,,,,,,
232,232,2013-12-19,519.06,,13.43,,,,,,,,
233,233,2013-12-20,694.22,,19.85,,,,,,,,
234,234,2013-12-21,619.9,,17.31,,,,,,,,
235,235,2013-12-22,601.78,,16.6,,,,,,,,
236,236,2013-12-23,613.06,,16.74,,,,,,,,
237,237,2013-12-24,672.36,,17.81,,,,,,,,
238,238,2013-12-25,666.31,,17.65,,,,,,,,
239,239,2013-12-26,683.94,,21.65,,,,,,,,
240,240,2013-12-27,763.28,,24.81,,,,,,,,
241,241,2013-12-28,737.98,,23.19,,,,,,,,
242,242,2013-12-29,728.05,,22.56,,,,,,,,
243,243,2013-12-30,741.35,,23.89,,,,,,,,
244,244,2013-12-31,760.32,,24.51,,,,,,,,
245,245,2014-01-01,754.97,,24.35,,,,,,,,
246,246,2014-01-02,773.44,,24.7,,,,,,,,
247,247,2014-01-03,802.85,,25.67,,,,,,,,
248,248,2014-01-04,823.27,,24.81,,,,,,,,
249,249,2014-01-05,858.55,,25.04,,,,,,,,
250,250,2014-01-06,936.05,,26.91,,,,,,,,
251,251,2014-01-07,946.49,,29.24,,,,,,,,
252,252,2014-01-08,795.99,,22.84,,,,,,,,
253,253,2014-01-09,841.47,,24.49,,,,,,,,
254,254,2014-01-10,846.69,,24.45,,,,,,,,
255,255,2014-01-11,867.32,,24.99,,,,,,,,
256,256,2014-01-12,919.6,,27.05,,,,,,,,
257,257,2014-01-13,860.19,,25.13,,,,,,,,
258,258,2014-01-14,843.17,,24.28,,,,,,,,
259,259,2014-01-15,833.12,,24.1,,,,,,,,
260,260,2014-01-16,860.29,,25.27,,,,,,,,
261,261,2014-01-17,834.49,,24.4,,,,,,,,
262,262,2014-01-18,816.07,,23.81,,,,,,,,
263,263,2014-01-19,839.66,,24.56,,,,,,,,
264,264,2014-01-20,871.39,,25.43,,,,,,,,
265,265,2014-01-21,869.65,,25.2,,,,,,,,
266,266,2014-01-22,867.21,,24.85,,,,,,,,
267,267,2014-01-23,845.46,,23.65,,,,,,,,
268,268,2014-01-24,822.43,,22.3,,,,,,,,
269,269,2014-01-25,796.24,,20.7,,,,,,,,
270,270,2014-01-26,853.68,,23.2,,,,,,,,
271,271,2014-01-27,884.6,,24.13,,,,,,,,
272,272,2014-01-28,774.02,,20.12,,,,,,,,
273,273,2014-01-29,809.96,,21.42,,,,,,,,
274,274,2014-01-30,826.02,,21.91,,,,,,,,
275,275,2014-01-31,818.43,,21.65,,,,,,,,
276,276,2014-02-01,828.61,,22.1,,,,,,,,
277,277,2014-02-02,832.9,,22.5,,,,,,,,
278,278,2014-02-03,824.08,,22.37,,,,,,,,
279,279,2014-02-04,823.77,,21.9,,,,,,,,
280,280,2014-02-05,829.96,,21.53,,,,,,,,
281,281,2014-02-06,815.59,,20.86,,,,,,,,
282,282,2014-02-07,783.2,,19.9,,,,,,,,
283,283,2014-02-08,699.57,,18.53,,,,,,,,
284,284,2014-02-09,671.46,,18.02,,,,,,,,
285,285,2014-02-10,681.32,,18.3,,,,,,,,
286,286,2014-02-11,683.5,,17.76,,,,,,,,
287,287,2014-02-12,672.38,,17.41,,,,,,,,
288,288,2014-02-13,651.08,,16.93,,,,,,,,
289,289,2014-02-14,601.17,,15.37,,,,,,,,
290,290,2014-02-15,660.9,,16.45,,,,,,,,
291,291,2014-02-16,651.3,,16.09,,,,,,,,
292,292,2014-02-17,614.23,,15.14,,,,,,,,
293,293,2014-02-18,627.16,,15.47,,,,,,,,
294,294,2014-02-19,625.97,,15.56,,,,,,,,
295,295,2014-02-20,623.09,,15.7,,,,,,,,
296,296,2014-02-21,556.88,,13.98,,,,,,,,
297,297,2014-02-22,574.24,,13.92,,,,,,,,
298,298,2014-02-23,606.47,,14.98,,,,,,,,
299,299,2014-02-24,606.04,,15.42,,,,,,,,
300,300,2014-02-25,540.24,,14.5,,,,,,,,
301,301,2014-02-26,537.04,,13.8,,,,,,,,
302,302,2014-02-27,581.65,,14.26,,,,,,,,
303,303,2014-02-28,579.7,,14.29,,,,,,,,
304,304,2014-03-01,549.92,,13.23,,,,,,,,
305,305,2014-03-02,567.23,,13.66,,,,,,,,
306,306,2014-03-03,562.56,,12.78,,,,,,,,
307,307,2014-03-04,668.24,,14.29,,,,,,,,
308,308,2014-03-05,666.24,,16.99,,,,,,,,
309,309,2014-03-06,664.52,,16.38,,,,,,,,
310,310,2014-03-07,664.31,,16.48,,,,,,,,
311,311,2014-03-08,629.66,,15.86,,,,,,,,
312,312,2014-03-09,616.31,,15.41,,,,,,,,
313,313,2014-03-10,636.33,,15.98,,,,,,,,
314,314,2014-03-11,627.95,,16.01,,,,,,,,
315,315,2014-03-12,631.91,,16.1,,,,,,,,
316,316,2014-03-13,633.62,,17.16,,,,,,,,
317,317,2014-03-14,638.14,,17.0,,,,,,,,
318,318,2014-03-15,629.37,,16.6,,,,,,,,
319,319,2014-03-16,636.5,,16.89,,,,,,,,
320,320,2014-03-17,630.92,,17.35,,,,,,,,
321,321,2014-03-18,621.84,,17.29,,,,,,,,
322,322,2014-03-19,613.9,,19.45,,,,,,,,
323,323,2014-03-20,609.75,,17.17,,,,,,,,
324,324,2014-03-21,588.29,,16.4,,,,,,,,
325,325,2014-03-22,571.18,,15.64,,,,,,,,
326,326,2014-03-23,565.76,,15.71,,,,,,,,
327,327,2014-03-24,562.51,,15.3,,,,,,,,
328,328,2014-03-25,585.03,,16.23,,,,,,,,
329,329,2014-03-26,583.48,,16.29,,,,,,,,
330,330,2014-03-27,580.26,,16.28,,,,,,,,
331,331,2014-03-28,477.14,,12.66,,,,,,,,
332,332,2014-03-29,501.71,,13.91,,,,,,,,
333,333,2014-03-30,492.37,,13.45,,,,,,,,
334,334,2014-03-31,462.3,,13.15,,,,,,,,
335,335,2014-04-01,457.0,,12.77,,,,,,,,
336,336,2014-04-02,479.14,,13.09,,,,,,,,
337,337,2014-04-03,436.44,,11.26,,,,,,,,
338,338,2014-04-04,445.66,,11.07,,,,,,,,
339,339,2014-04-05,446.68,,11.0,,,,,,,,
340,340,2014-04-06,463.4,,11.18,,,,,,,,
341,341,2014-04-07,461.47,,11.66,,,,,,,,
342,342,2014-04-08,447.61,,11.21,,,,,,,,
343,343,2014-04-09,453.18,,11.38,,,,,,,,
344,344,2014-04-10,442.26,,11.19,,,,,,,,
345,345,2014-04-11,363.71,,8.42,,,,,,,,
346,346,2014-04-12,420.89,,10.9,,,,,,,,
347,347,2014-04-13,421.46,,10.66,,,,,,,,
348,348,2014-04-14,414.83,,10.39,,,,,,,,
349,349,2014-04-15,458.37,,11.46,,,,,,,,
350,350,2014-04-16,522.18,,13.3,,,,,,,,
351,351,2014-04-17,529.07,,13.42,,,,,,,,
352,352,2014-04-18,495.8,,12.46,,,,,,,,
353,353,2014-04-19,479.58,,12.05,,,,,,,,
354,354,2014-04-20,501.75,,12.86,,,,,,,,
355,355,2014-04-21,497.74,,12.56,,,,,,,,
356,356,2014-04-22,495.45,,12.5,,,,,,,,
357,357,2014-04-23,488.36,,12.04,,,,,,,,
358,358,2014-04-24,490.82,,12.14,,,,,,,,
359,359,2014-04-25,500.09,,12.54,,,,,,,,
360,360,2014-04-26,461.7,,10.81,,,,,,,,
361,361,2014-04-27,457.24,,10.56,,,,,,,,
362,362,2014-04-28,430.72,,9.79,,,,,,,,
363,363,2014-04-29,439.98,,10.12,,,,,,,,
364,364,2014-04-30,446.89,,10.4,,,,,,,,
365,365,2014-05-01,447.63,,10.93,,,,,,,,
366,366,2014-05-02,457.36,,11.13,,,,,,,,
367,367,2014-05-03,449.4,,10.52,,,,,,,,
368,368,2014-05-04,438.52,,10.3,,,,,,,,
369,369,2014-05-05,434.78,,10.31,,,,,,,,
370,370,2014-05-06,433.36,,10.21,,,,,,,,
371,371,2014-05-07,429.34,,10.34,,,,,,,,
372,372,2014-05-08,438.68,,10.51,,,,,,,,
373,373,2014-05-09,440.18,,10.42,,,,,,,,
374,374,2014-05-10,450.46,,10.76,,,,,,,,
375,375,2014-05-11,453.92,,10.72,,,,,,,,
376,376,2014-05-12,438.3,,10.34,,,,,,,,
377,377,2014-05-13,441.53,,10.42,,,,,,,,
378,378,2014-05-14,440.59,,10.41,,,,,,,,
379,379,2014-05-15,444.14,,10.43,,,,,,,,
380,380,2014-05-16,447.39,,10.48,,,,,,,,
381,381,2014-05-17,448.12,,10.44,,,,,,,,
382,382,2014-05-18,448.7,,10.35,,,,,,,,
383,383,2014-05-19,446.08,,10.34,,,,,,,,
384,384,2014-05-20,446.31,,10.3,,,,,,,,
385,385,2014-05-21,485.8,,10.6,,,,,,,,
386,386,2014-05-22,492.05,,10.58,,,,,,,,
387,387,2014-05-23,525.72,,10.65,,,,,,,,
388,388,2014-05-24,521.05,,11.21,,,,,,,,
389,389,2014-05-25,525.23,,11.12,,,,,,,,
390,390,2014-05-26,571.39,,11.58,,,,,,,,
391,391,2014-05-27,582.59,,11.55,,,,,,,,
392,392,2014-05-28,571.91,,11.16,,,,,,,,
393,393,2014-05-29,576.33,,11.01,,,,,,,,
394,394,2014-05-30,568.18,,10.78,,,,,,,,
395,395,2014-05-31,615.69,,11.26,,,,,,,,
396,396,2014-06-01,623.69,,10.93,,,,,,,,
397,397,2014-06-02,629.64,,11.15,,,,,,,,
398,398,2014-06-03,660.55,,11.36,,,,,,,,
399,399,2014-06-04,666.77,,11.47,,,,,,,,
400,400,2014-06-05,641.07,,11.04,,,,,,,,
401,401,2014-06-06,659.28,,11.3,,,,,,,,
402,402,2014-06-07,653.52,,11.2,,,,,,,,
403,403,2014-06-08,654.99,,11.11,,,,,,,,
404,404,2014-06-09,655.64,,11.27,,,,,,,,
405,405,2014-06-10,650.04,,11.21,,,,,,,,
406,406,2014-06-11,653.19,,11.1,,,,,,,,
407,407,2014-06-12,633.43,,10.93,,,,,,,,
408,408,2014-06-13,585.7,,10.16,,,,,,,,
409,409,2014-06-14,600.75,,10.26,,,,,,,,
410,410,2014-06-15,575.93,,9.87,,,,,,,,
411,411,2014-06-16,592.65,,9.96,,,,,,,,
412,412,2014-06-17,591.59,,9.68,,,,,,,,
413,413,2014-06-18,609.77,,9.67,,,,,,,,
414,414,2014-06-19,608.07,,9.68,,,,,,,,
415,415,2014-06-20,597.4,,10.0,,,,,,,,
416,416,2014-06-21,593.68,,9.84,,,,,,,,
417,417,2014-06-22,595.9,,9.85,,,,,,,,
418,418,2014-06-23,602.16,,9.77,,,,,,,,
419,419,2014-06-24,593.97,,9.73,,,,,,,,
420,420,2014-06-25,581.81,,9.61,,,,,,,,
421,421,2014-06-26,566.14,,9.2,,,,,,,,
422,422,2014-06-27,581.3,,9.09,,,,,,,,
423,423,2014-06-28,599.08,,9.27,,,,,,,,
424,424,2014-06-29,596.33,,9.2,,,,,,,,
425,425,2014-06-30,602.62,,8.97,,,,,,,,
426,426,2014-07-01,641.39,,8.96,,,,,,,,
427,427,2014-07-02,641.04,,7.98,,,,,,,,
428,428,2014-07-03,650.77,,8.07,,,,,,,,
429,429,2014-07-04,644.65,,8.03,,,,,,,,
430,430,2014-07-05,629.95,,7.32,,,,,,,,
431,431,2014-07-06,631.77,,7.3,,,,,,,,
432,432,2014-07-07,635.46,,7.1,,,,,,,,
433,433,2014-07-08,622.57,,7.58,,,,,,,,
434,434,2014-07-09,625.22,,7.77,,,,,,,,
435,435,2014-07-10,624.83,,7.78,,,,,,,,
436,436,2014-07-11,616.66,,7.8,,,,,,,,
437,437,2014-07-12,631.88,,7.86,,,,,,,,
438,438,2014-07-13,634.22,,8.61,,,,,,,,
439,439,2014-07-14,626.56,,8.9,,,,,,,,
440,440,2014-07-15,620.0,,8.62,,,,,,,,
441,441,2014-07-16,622.01,,8.56,,,,,,,,
442,442,2014-07-17,616.54,,8.33,,,,,,,,
443,443,2014-07-18,622.37,,8.66,,,,,,,,
444,444,2014-07-19,629.17,,8.72,,,,,,,,
445,445,2014-07-20,628.56,,8.61,,,,,,,,
446,446,2014-07-21,623.95,,8.46,,,,,,,,
447,447,2014-07-22,622.27,,8.59,,,,,,,,
448,448,2014-07-23,621.12,,8.57,,,,,,,,
449,449,2014-07-24,619.5,,8.47,,,,,,,,
450,450,2014-07-25,601.51,,7.78,,,,,,,,
451,451,2014-07-26,601.54,,7.58,,,,,,,,
452,452,2014-07-27,595.67,,7.61,,,,,,,,
453,453,2014-07-28,594.14,,7.76,,,,,,,,
454,454,2014-07-29,585.55,,7.59,,,,,,,,
455,455,2014-07-30,584.74,,7.65,,,,,,,,
456,456,2014-07-31,567.37,,7.28,,,,,,,,
457,457,2014-08-01,586.2,,7.54,,,,,,,,
458,458,2014-08-02,594.9,,7.71,,,,,,,,
459,459,2014-08-03,588.89,,7.63,,,,,,,,
460,460,2014-08-04,586.23,,7.54,,,,,,,,
461,461,2014-08-05,589.01,,7.41,,,,,,,,
462,462,2014-08-06,585.95,,7.26,,,,,,,,
463,463,2014-08-07,584.65,,7.19,,,,,,,,
464,464,2014-08-08,588.88,,7.18,,,,,,,,
465,465,2014-08-09,592.47,,7.06,,,,,,,,
466,466,2014-08-10,589.17,,6.95,,,,,,,,
467,467,2014-08-11,591.28,,6.96,,,,,,,,
468,468,2014-08-12,576.51,,6.06,,,,,,,,
469,469,2014-08-13,570.38,,5.65,,,,,,,,
470,470,2014-08-14,546.18,,5.04,,,,,,,,
471,471,2014-08-15,511.14,,5.06,,,,,,,,
472,472,2014-08-16,497.83,,5.05,,,,,,,,
473,473,2014-08-17,519.14,,4.97,,,,,,,,
474,474,2014-08-18,491.51,,4.35,,,,,,,,
475,475,2014-08-19,461.48,,3.71,,,,,,,,
476,476,2014-08-20,485.07,,4.72,,,,,,,,
477,477,2014-08-21,510.45,,5.46,,,,,,,,
478,478,2014-08-22,517.58,,5.8,,,,,,,,
479,479,2014-08-23,513.39,,5.24,,,,,,,,
480,480,2014-08-24,498.29,,4.89,,,,,,,,
481,481,2014-08-25,508.22,,5.4,,,,,,,,
482,482,2014-08-26,502.54,,5.2,,,,,,,,
483,483,2014-08-27,512.19,,5.55,,,,,,,,
484,484,2014-08-28,510.88,,5.39,,,,,,,,
485,485,2014-08-29,508.43,,5.29,,,,,,,,
486,486,2014-08-30,508.59,,5.36,,,,,,,,
487,487,2014-08-31,502.9,,5.21,,,,,,,,
488,488,2014-09-01,477.79,,4.86,,,,,,,,
489,489,2014-09-02,474.48,,4.71,,,,,,,,
490,490,2014-09-03,476.87,,4.82,,,,,,,,
491,491,2014-09-04,477.68,,4.87,,,,,,,,
492,492,2014-09-05,489.67,,5.17,,,,,,,,
493,493,2014-09-06,483.34,,4.97,,,,,,,,
494,494,2014-09-07,485.13,,4.99,,,,,,,,
495,495,2014-09-08,481.81,,5.16,,,,,,,,
496,496,2014-09-09,474.88,,5.09,,,,,,,,
497,497,2014-09-10,475.48,,5.06,,,,,,,,
498,498,2014-09-11,479.62,,5.34,,,,,,,,
499,499,2014-09-12,479.58,,5.46,,,,,,,,
500,500,2014-09-13,477.79,,5.39,,,,,,,,
501,501,2014-09-14,479.12,,5.45,,,,,,,,
502,502,2014-09-15,477.76,,5.4,,,,,,,,
503,503,2014-09-16,474.86,,5.17,,,,,,,,
504,504,2014-09-17,465.86,,5.09,,,,,,,,
505,505,2014-09-18,456.86,,5.07,,,,,,,,
506,506,2014-09-19,424.1,,4.69,,,,,,,,
507,507,2014-09-20,394.67,,4.33,,,,,,,,
508,508,2014-09-21,408.08,,4.26,,,,,,,,
509,509,2014-09-22,399.1,,4.25,,,,,,,,
510,510,2014-09-23,402.09,,4.24,,,,,,,,
511,511,2014-09-24,435.75,,4.74,,,,,,,,
512,512,2014-09-25,423.16,,4.67,,,,,,,,
513,513,2014-09-26,411.43,,4.51,,,,,,,,
514,514,2014-09-27,403.56,,4.43,,,,,,,,
515,515,2014-09-28,399.47,,4.42,,,,,,,,
516,516,2014-09-29,376.93,,4.24,,,,,,,,
517,517,2014-09-30,376.09,,4.25,,,,,,,,
518,518,2014-10-01,387.43,,4.47,,,,,,,,
519,519,2014-10-02,383.99,,4.43,,,,,,,,
520,520,2014-10-03,375.18,,4.32,,,,,,,,
521,521,2014-10-04,359.89,,4.17,,,,,,,,
522,522,2014-10-05,328.92,,3.94,,,,,,,,
523,523,2014-10-06,320.39,,3.7,,,,,,,,
524,524,2014-10-07,330.58,,3.81,,,,,,,,
525,525,2014-10-08,336.12,,3.86,,,,,,,,
526,526,2014-10-09,352.75,,3.91,,,,,,,,
527,527,2014-10-10,364.69,,3.9,,,,,,,,
528,528,2014-10-11,361.36,,3.8,,,,,,,,
529,529,2014-10-12,362.61,,3.78,,,,,,,,
530,530,2014-10-13,377.92,,3.85,,,,,,,,
531,531,2014-10-14,391.69,,3.86,,,,,,,,
532,532,2014-10-15,400.95,,4.08,,,,,,,,
533,533,2014-10-16,394.52,,4.06,,,,,,,,
534,534,2014-10-17,382.76,,3.99,,,,,,,,
535,535,2014-10-18,383.98,,3.99,,,,,,,,
536,536,2014-10-19,391.25,,4.06,,,,,,,,
537,537,2014-10-20,389.23,,3.98,,,,,,,,
538,538,2014-10-21,382.42,,3.91,,,,,,,,
539,539,2014-10-22,386.12,,3.94,,,,,,,,
540,540,2014-10-23,382.96,,3.85,,,,,,,,
541,541,2014-10-24,358.59,,3.74,,,,,,,,
542,542,2014-10-25,358.61,,3.75,,,,,,,,
543,543,2014-10-26,347.49,,3.67,,,,,,,,
544,544,2014-10-27,354.78,,3.72,,,,,,,,
545,545,2014-10-28,353.21,,3.81,,,,,,,,
546,546,2014-10-29,357.09,,3.85,,,,,,,,
547,547,2014-10-30,335.71,,3.73,,,,,,,,
548,548,2014-10-31,345.01,,3.78,,,,,,,,
549,549,2014-11-01,338.65,,3.76,,,,,,,,
550,550,2014-11-02,326.07,,3.58,,,,,,,,
551,551,2014-11-03,325.57,,3.59,,,,,,,,
552,552,2014-11-04,327.16,,3.58,,,,,,,,
553,553,2014-11-05,330.68,,3.59,,,,,,,,
554,554,2014-11-06,339.46,,3.64,,,,,,,,
555,555,2014-11-07,349.82,,3.65,,,,,,,,
556,556,2014-11-08,342.15,,3.56,,,,,,,,
557,557,2014-11-09,345.38,,3.55,,,,,,,,
558,558,2014-11-10,362.26,,3.63,,,,,,,,
559,559,2014-11-11,365.86,,3.7,,,,,,,,
560,560,2014-11-12,367.99,,3.68,,,,,,,,
561,561,2014-11-13,427.27,,4.13,,,,,,,,
562,562,2014-11-14,418.42,,4.09,,,,,,,,
563,563,2014-11-15,399.65,,3.99,,,,,,,,
564,564,2014-11-16,374.73,,3.84,,,,,,,,
565,565,2014-11-17,388.35,,3.88,,,,,,,,
566,566,2014-11-18,387.79,,3.88,,,,,,,,
567,567,2014-11-19,373.9,,3.78,,,,,,,,
568,568,2014-11-20,380.31,,3.81,,,,,,,,
569,569,2014-11-21,357.88,,3.61,,,,,,,,
570,570,2014-11-22,351.6,,3.5,,,,,,,,
571,571,2014-11-23,353.18,,3.52,,,,,,,,
572,572,2014-11-24,366.95,,3.59,,,,,,,,
573,573,2014-11-25,376.89,,3.62,,,,,,,,
574,574,2014-11-26,376.02,,3.57,,,,,,,,
575,575,2014-11-27,370.5,,3.57,,,,,,,,
576,576,2014-11-28,369.37,,3.56,,,,,,,,
577,577,2014-11-29,376.15,,3.6,,,,,,,,
578,578,2014-11-30,375.51,,3.59,,,,,,,,
579,579,2014-12-01,378.25,,3.58,,,,,,,,
580,580,2014-12-02,379.25,,3.58,,,,,,,,
581,581,2014-12-03,381.72,,3.63,,,,,,,,
582,582,2014-12-04,375.72,,3.61,,,,,,,,
583,583,2014-12-05,369.44,,3.59,,,,,,,,
584,584,2014-12-06,376.76,,3.62,,,,,,,,
585,585,2014-12-07,374.84,,3.62,,,,,,,,
586,586,2014-12-08,374.96,,3.71,,,,,,,,
587,587,2014-12-09,361.89,,3.66,,,,,,,,
588,588,2014-12-10,352.2,,3.52,,,,,,,,
589,589,2014-12-11,344.34,,3.49,,,,,,,,
590,590,2014-12-12,350.83,,3.48,,,,,,,,
591,591,2014-12-13,352.38,,3.49,,,,,,,,
592,592,2014-12-14,346.73,,3.48,,,,,,,,
593,593,2014-12-15,351.36,,3.48,,,,,,,,
594,594,2014-12-16,345.67,,3.45,,,,,,,,
595,595,2014-12-17,326.86,,3.01,,,,,,,,
596,596,2014-12-18,319.79,,2.94,,,,,,,,
597,597,2014-12-19,311.18,,2.81,,,,,,,,
598,598,2014-12-20,317.62,,2.87,,,,,,,,
599,599,2014-12-21,329.54,,2.91,,,,,,,,
600,600,2014-12-22,321.07,,2.86,,,,,,,,
601,601,2014-12-23,332.02,,2.89,,,,,,,,
602,602,2014-12-24,334.38,,2.88,,,,,,,,
603,603,2014-12-25,322.29,,2.74,,,,,,,,
604,604,2014-12-26,319.15,,2.7,,,,,,,,
605,605,2014-12-27,327.58,,2.78,,,,,,,,
606,606,2014-12-28,316.16,,2.72,,,,,,,,
607,607,2014-12-29,317.7,,2.73,,,,,,,,
608,608,2014-12-30,312.72,,2.7,,,,,,,,
609,609,2014-12-31,310.91,,2.7,,,,,,,,
610,610,2015-01-01,320.44,,2.72,,,,,,,,
611,611,2015-01-02,314.08,,2.7,,,,,,,,
612,612,2015-01-03,314.85,,2.67,,,,,,,,
613,613,2015-01-04,281.15,,2.11,,,,,,,,
614,614,2015-01-05,265.08,,1.96,,,,,,,,
615,615,2015-01-06,274.61,,2.08,,,,,,,,
616,616,2015-01-07,286.08,,2.12,,,,,,,,
617,617,2015-01-08,294.13,,2.12,,,,,,,,
618,618,2015-01-09,282.38,,2.01,,,,,,,,
619,619,2015-01-10,287.3,,1.97,,,,,,,,
620,620,2015-01-11,274.61,,1.65,,,,,,,,
621,621,2015-01-12,266.15,,1.72,,,,,,,,
622,622,2015-01-13,267.39,,1.71,,,,,,,,
623,623,2015-01-14,223.89,,1.55,,,,,,,,
624,624,2015-01-15,176.9,,1.15,,,,,,,,
625,625,2015-01-16,209.07,,1.28,,,,,,,,
626,626,2015-01-17,207.83,,1.4,,,,,,,,
627,627,2015-01-18,200.05,,1.3,,,,,,,,
628,628,2015-01-19,211.47,,1.33,,,,,,,,
629,629,2015-01-20,212.91,,1.34,,,,,,,,
630,630,2015-01-21,211.38,,1.32,,,,,,,,
631,631,2015-01-22,227.32,,1.37,,,,,,,,
632,632,2015-01-23,233.52,,1.41,,,,,,,,
633,633,2015-01-24,232.7,,1.43,,,,,,,,
634,634,2015-01-25,247.35,,1.84,,,,,,,,
635,635,2015-01-26,254.08,,2.25,,,,,,,,
636,636,2015-01-27,273.17,,2.07,,,,,,,,
637,637,2015-01-28,263.35,,2.09,,,,,,,,
638,638,2015-01-29,233.35,,1.88,,,,,,,,
639,639,2015-01-30,232.77,,1.91,,,,,,,,
640,640,2015-01-31,226.44,,1.9,,,,,,,,
641,641,2015-02-01,216.87,,1.88,,,,,,,,
642,642,2015-02-02,226.49,,1.81,,,,,,,,
643,643,2015-02-03,237.45,,1.87,,,,,,,,
644,644,2015-02-04,227.51,,1.82,,,,,,,,
645,645,2015-02-05,227.66,,1.79,,,,,,,,
646,646,2015-02-06,216.92,,1.74,,,,,,,,
647,647,2015-02-07,222.63,,1.76,,,,,,,,
648,648,2015-02-08,227.69,,1.79,,,,,,,,
649,649,2015-02-09,223.39,,1.79,,,,,,,,
650,650,2015-02-10,220.28,,1.73,,,,,,,,
651,651,2015-02-11,219.73,,1.76,,,,,,,,
652,652,2015-02-12,219.21,,1.73,,,,,,,,
653,653,2015-02-13,221.97,,1.76,,,,,,,,
654,654,2015-02-14,235.53,,1.82,,,,,,,,
655,655,2015-02-15,257.51,,1.94,,,,,,,,
656,656,2015-02-16,234.82,,1.84,,,,,,,,
657,657,2015-02-17,233.42,,1.79,,,,,,,,
658,658,2015-02-18,243.78,,1.86,,,,,,,,
659,659,2015-02-19,236.41,,1.83,,,,,,,,
660,660,2015-02-20,240.25,,1.84,,,,,,,,
661,661,2015-02-21,243.75,,1.85,,,,,,,,
662,662,2015-02-22,244.54,,1.85,,,,,,,,
663,663,2015-02-23,236.0,,1.8,,,,,,,,
664,664,2015-02-24,239.0,,1.81,,,,,,,,
665,665,2015-02-25,238.89,,1.83,,,,,,,,
666,666,2015-02-26,237.34,,1.81,,,,,,,,
667,667,2015-02-27,236.44,,1.8,,,,,,,,
668,668,2015-02-28,253.52,,1.85,,,,,,,,
669,669,2015-03-01,254.28,,1.85,,,,,,,,
670,670,2015-03-02,260.36,,1.89,,,,,,,,
671,671,2015-03-03,275.05,,1.94,,,,,,,,
672,672,2015-03-04,281.99,,1.96,,,,,,,,
673,673,2015-03-05,272.74,,1.92,,,,,,,,
674,674,2015-03-06,275.6,,1.92,,,,,,,,
675,675,2015-03-07,272.29,,1.89,,,,,,,,
676,676,2015-03-08,276.43,,1.91,,,,,,,,
677,677,2015-03-09,274.81,,1.89,,,,,,,,
678,678,2015-03-10,289.86,,1.94,,,,,,,,
679,679,2015-03-11,291.52,,2.01,,,,,,,,
680,680,2015-03-12,296.13,,2.02,,,,,,,,
681,681,2015-03-13,294.12,,2.04,,,,,,,,
682,682,2015-03-14,284.44,,2.0,,,,,,,,
683,683,2015-03-15,281.43,,1.99,,,,,,,,
684,684,2015-03-16,285.69,,2.02,,,,,,,,
685,685,2015-03-17,290.6,,2.03,,,,,,,,
686,686,2015-03-18,285.07,,1.98,,,,,,,,
687,687,2015-03-19,255.88,,1.74,,,,,,,,
688,688,2015-03-20,260.96,,1.76,,,,,,,,
689,689,2015-03-21,261.64,,1.77,,,,,,,,
690,690,2015-03-22,259.92,,1.75,,,,,,,,
691,691,2015-03-23,267.89,,1.8,,,,,,,,
692,692,2015-03-24,266.58,,1.78,,,,,,,,
693,693,2015-03-25,247.47,,1.65,,,,,,,,
694,694,2015-03-26,246.28,,1.67,,,,,,,,
695,695,2015-03-27,248.57,,1.69,,,,,,,,
696,696,2015-03-28,246.97,,1.68,,,,,,,,
697,697,2015-03-29,252.74,,1.7,,,,,,,,
698,698,2015-03-30,242.88,,1.66,,,,,,,,
699,699,2015-03-31,247.45,,1.67,,,,,,,,
700,700,2015-04-01,244.22,,1.65,,,,,,,,
701,701,2015-04-02,247.09,,1.67,,,,,,,,
702,702,2015-04-03,253.07,,1.68,,,,,,,,
703,703,2015-04-04,254.29,,1.7,,,,,,,,
704,704,2015-04-05,253.76,,1.68,,,,,,,,
705,705,2015-04-06,260.72,,1.7,,,,,,,,
706,706,2015-04-07,255.27,,1.69,,,,,,,,
707,707,2015-04-08,253.06,,1.67,,,,,,,,
708,708,2015-04-09,244.75,,1.62,,,,,,,,
709,709,2015-04-10,243.69,,1.59,,,,,,,,
710,710,2015-04-11,236.02,,1.52,,,,,,,,
711,711,2015-04-12,236.53,,1.46,,,,,,,,
712,712,2015-04-13,235.95,,1.47,,,,,,,,
713,713,2015-04-14,224.76,,1.38,,,,,,,,
714,714,2015-04-15,219.07,,1.38,,,,,,,,
715,715,2015-04-16,223.92,,1.38,,,,,,,,
716,716,2015-04-17,228.57,,1.42,,,,,,,,
717,717,2015-04-18,222.85,,1.41,,,,,,,,
718,718,2015-04-19,223.46,,1.41,,,,,,,,
719,719,2015-04-20,222.61,,1.38,,,,,,,,
720,720,2015-04-21,224.62,,1.41,,,,,,,,
721,721,2015-04-22,235.6,,1.43,,,,,,,,
722,722,2015-04-23,234.05,,1.46,,,,,,,,
723,723,2015-04-24,235.97,,1.46,,,,,,,,
724,724,2015-04-25,231.24,,1.42,,,,,,,,
725,725,2015-04-26,226.41,,1.4,,,,,,,,
726,726,2015-04-27,219.43,,1.32,,,,,,,,
727,727,2015-04-28,228.97,,1.38,,,,,,,,
728,728,2015-04-29,225.59,,1.36,,,,,,,,
729,729,2015-04-30,225.69,,1.36,,,,,,,,
730,730,2015-05-01,235.94,,1.44,,,,,,,,
731,731,2015-05-02,232.34,,1.41,,,,,,,,
732,732,2015-05-03,234.88,,1.42,,,,,,,,
733,733,2015-05-04,240.36,,1.43,,,,,,,,
734,734,2015-05-05,238.85,,1.41,,,,,,,,
735,735,2015-05-06,236.25,,1.41,,,,,,,,
736,736,2015-05-07,229.66,,1.39,,,,,,,,
737,737,2015-05-08,237.2,,1.45,,,,,,,,
738,738,2015-05-09,243.77,,1.48,,,,,,,,
739,739,2015-05-10,241.73,,1.45,,,,,,,,
740,740,2015-05-11,240.3,,1.44,,,,,,,,
741,741,2015-05-12,242.15,,1.44,,,,,,,,
742,742,2015-05-13,241.4,,1.44,,,,,,,,
743,743,2015-05-14,236.21,,1.45,,,,,,,,
744,744,2015-05-15,236.96,,1.45,,,,,,,,
745,745,2015-05-16,237.64,,1.45,,,,,,,,
746,746,2015-05-17,236.01,,1.45,,,,,,,,
747,747,2015-05-18,236.89,,1.45,,,,,,,,
748,748,2015-05-19,233.04,,1.45,,,,,,,,
749,749,2015-05-20,231.89,,1.45,,,,,,,,
750,750,2015-05-21,234.02,,1.46,,,,,,,,
751,751,2015-05-22,235.32,,1.48,,,,,,,,
752,752,2015-05-23,240.29,,1.83,,,,,,,,
753,753,2015-05-24,238.98,,1.79,,,,,,,,
754,754,2015-05-25,240.93,,1.83,,,,,,,,
755,755,2015-05-26,237.1,,1.8,,,,,,,,
756,756,2015-05-27,237.06,,1.82,,,,,,,,
757,757,2015-05-28,237.26,,1.85,,,,,,,,
758,758,2015-05-29,237.38,,1.84,,,,,,,,
759,759,2015-05-30,237.09,,1.83,,,,,,,,
760,760,2015-05-31,233.13,,1.81,,,,,,,,
761,761,2015-06-01,230.23,,1.64,,,,,,,,
762,762,2015-06-02,222.89,,1.62,,,,,,,,
763,763,2015-06-03,225.74,,1.67,,,,,,,,
764,764,2015-06-04,225.77,,1.69,,,,,,,,
765,765,2015-06-05,224.15,,1.67,,,,,,,,
766,766,2015-06-06,225.0,,1.76,,,,,,,,
767,767,2015-06-07,225.6,,1.76,,,,,,,,
768,768,2015-06-08,222.88,,1.73,,,,,,,,
769,769,2015-06-09,228.54,,1.78,,,,,,,,
770,770,2015-06-10,229.0,,1.8,,,,,,,,
771,771,2015-06-11,228.85,,1.76,,,,,,,,
772,772,2015-06-12,229.71,,1.79,,,,,,,,
773,773,2015-06-13,229.92,,1.8,,,,,,,,
774,774,2015-06-14,232.44,,1.86,,,,,,,,
775,775,2015-06-15,233.42,,2.0,,,,,,,,
776,776,2015-06-16,236.76,,2.02,,,,,,,,
777,777,2015-06-17,250.82,,2.9,,,,,,,,
778,778,2015-06-18,249.43,,2.89,,,,,,,,
779,779,2015-06-19,249.04,,3.1,,,,,,,,
780,780,2015-06-20,244.53,,2.81,,,,,,,,
781,781,2015-06-21,245.1,,3.04,,,,,,,,
782,782,2015-06-22,243.97,,3.02,,,,,,,,
783,783,2015-06-23,246.93,,3.03,,,,,,,,
784,784,2015-06-24,244.28,,2.97,,,,,,,,
785,785,2015-06-25,240.37,,2.77,,,,,,,,
786,786,2015-06-26,242.6,,2.85,,,,,,,,
787,787,2015-06-27,243.55,,2.86,,,,,,,,
788,788,2015-06-28,250.96,,3.09,,,,,,,,
789,789,2015-06-29,248.72,,3.19,,,,,,,,
790,790,2015-06-30,257.04,,3.74,,,,,,,,
791,791,2015-07-01,263.35,,4.09,,,,,,,,
792,792,2015-07-02,258.55,,3.93,,,,,,,,
793,793,2015-07-03,255.46,,4.06,,,,,,,,
794,794,2015-07-04,256.49,,4.12,,,,,,,,
795,795,2015-07-05,260.81,,4.13,,,,,,,,
796,796,2015-07-06,271.11,,4.95,,,,,,,,
797,797,2015-07-07,269.96,,5.44,,,,,,,,
798,798,2015-07-08,265.98,,5.25,,,,,,,,
799,799,2015-07-09,270.83,,6.36,,,,,,,,
800,800,2015-07-10,269.16,,7.53,,,,,,,,
801,801,2015-07-11,284.88,,4.48,,,,,,,,
802,802,2015-07-12,293.14,,4.39,,,,,,,,
803,803,2015-07-13,310.83,,5.3,,,,,,,,
804,804,2015-07-14,292.03,,4.68,,,,,,,,
805,805,2015-07-15,288.05,,4.65,,,,,,,,
806,806,2015-07-16,286.04,,4.2,,,,,,,,
807,807,2015-07-17,278.09,,3.72,,,,,,,,
808,808,2015-07-18,279.33,,3.78,,,,,,,,
809,809,2015-07-19,274.77,,4.0,,,,,,,,
810,810,2015-07-20,273.5,,3.77,,,,,,,,
811,811,2015-07-21,278.88,,3.93,,,,,,,,
812,812,2015-07-22,275.66,,3.78,,,,,,,,
813,813,2015-07-23,277.34,,3.83,,,,,,,,
814,814,2015-07-24,276.0,,3.79,,,,,,,,
815,815,2015-07-25,288.16,,4.6,,,,,,,,
816,816,2015-07-26,288.64,,4.63,,,,,,,,
817,817,2015-07-27,292.64,,4.68,,,,,,,,
818,818,2015-07-28,293.63,,4.67,,,,,,,,
819,819,2015-07-29,294.48,,5.05,,,,,,,,
820,820,2015-07-30,289.1,,4.79,,,,,,,,
821,821,2015-07-31,287.7,,4.58,,,,,,,,
822,822,2015-08-01,284.69,,4.64,,,,,,,,
823,823,2015-08-02,280.45,,4.09,,,,,,,,
824,824,2015-08-03,282.81,,4.17,,,,,,,,
825,825,2015-08-04,281.23,,4.18,,,,,,,,
826,826,2015-08-05,284.85,,4.37,,,,,,,,
827,827,2015-08-06,281.91,,4.35,,,,,,,,
828,828,2015-08-07,278.74,,4.06,,,,,,,,
829,829,2015-08-08,279.74,,4.22,,,,,,,,
830,830,2015-08-09,261.12,,3.84,,,,,,,,
831,831,2015-08-10,265.48,0.713989,3.9,,,,,,,,
832,832,2015-08-11,264.34,0.708087,3.95,,,,,,,,
833,833,2015-08-12,270.6,1.06,4.14,,,,,,,,
834,834,2015-08-13,266.18,1.22,3.97,,,,,,,,
835,835,2015-08-14,264.13,1.81,3.88,,,,,,,,
836,836,2015-08-15,265.53,1.8,4.02,,,,,,,,
837,837,2015-08-16,261.87,1.68,3.93,,,,,,,,
838,838,2015-08-17,258.49,1.58,3.96,,,,,,,,
839,839,2015-08-18,257.93,1.22,3.98,,,,,,,,
840,840,2015-08-19,225.67,1.17,3.48,,,,,,,,
841,841,2015-08-20,226.9,1.25,3.47,,,,,,,,
842,842,2015-08-21,235.35,1.48,3.6,,,,,,,,
843,843,2015-08-22,232.66,1.4,3.56,,,,,,,,
844,844,2015-08-23,230.38,1.38,3.51,,,,,,,,
845,845,2015-08-24,228.11,1.35,3.39,,,,,,,,
846,846,2015-08-25,210.07,1.23,2.98,,,,,,,,
847,847,2015-08-26,222.08,1.13,2.95,,,,,,,,
848,848,2015-08-27,226.05,1.17,2.95,,,,,,,,
849,849,2015-08-28,224.7,1.15,2.84,,,,,,,,
850,850,2015-08-29,231.55,1.19,2.92,,,,,,,,
851,851,2015-08-30,229.9,1.18,2.87,,,,,,,,
852,852,2015-08-31,229.11,1.32,2.85,,,,,,,,
853,853,2015-09-01,230.26,1.35,2.85,,,,,,,,
854,854,2015-09-02,228.03,1.35,2.82,,,,,,,,
855,855,2015-09-03,229.32,1.3,2.8,,,,,,,,
856,856,2015-09-04,227.22,1.26,2.64,,,,,,,,
857,857,2015-09-05,230.2,1.28,2.7,,,,,,,,
858,858,2015-09-06,234.87,1.34,2.92,,,,,,,,
859,859,2015-09-07,239.93,1.3,3.04,,,,,,,,
860,860,2015-09-08,239.85,1.25,3.05,,,,,,,,
861,861,2015-09-09,243.41,1.24,3.05,,,,,,,,
862,862,2015-09-10,238.34,1.21,2.92,,,,,,,,
863,863,2015-09-11,238.33,1.16,2.95,,,,,,,,
864,864,2015-09-12,239.85,0.987228,2.96,,,,,,,,
865,865,2015-09-13,235.24,1.04,2.82,,,,,,,,
866,866,2015-09-14,230.61,0.940566,2.81,,,,,,,,
867,867,2015-09-15,230.49,0.875189,2.84,,,,,,,,
868,868,2015-09-16,230.25,0.941977,2.83,,,,,,,,
869,869,2015-09-17,229.08,0.906865,2.81,,,,,,,,
870,870,2015-09-18,233.52,0.874574,2.91,,,,,,,,
871,871,2015-09-19,232.86,0.8496030000000001,2.95,,,,,,,,
872,872,2015-09-20,231.4,0.881191,2.88,,,,,,,,
873,873,2015-09-21,231.22,0.941496,2.85,,,,,,,,
874,874,2015-09-22,226.97,0.919337,2.8,,,,,,,,
875,875,2015-09-23,230.94,0.90356,2.86,,,,,,,,
876,876,2015-09-24,230.36,0.8967959999999999,2.87,,,,,,,,
877,877,2015-09-25,234.36,0.820031,2.93,,,,,,,,
878,878,2015-09-26,235.08,0.73763,2.89,,,,,,,,
879,879,2015-09-27,234.14,0.791277,2.89,,,,,,,,
880,880,2015-09-28,232.84,0.723715,2.88,,,,,,,,
881,881,2015-09-29,239.02,0.579414,3.1,,,,,,,,
882,882,2015-09-30,236.64,0.661192,2.97,,,,,,,,
883,883,2015-10-01,236.0,0.7343069999999999,3.01,,,,,,,,
884,884,2015-10-02,237.26,0.683732,3.0,,,,,,,,
885,885,2015-10-03,237.2,0.678783,3.0,,,,,,,,
886,886,2015-10-04,238.53,0.686343,3.03,,,,,,,,
887,887,2015-10-05,238.15,0.666784,3.02,,,,,,,,
888,888,2015-10-06,240.36,0.622218,3.02,,,,,,,,
889,889,2015-10-07,246.17,0.650515,3.15,,,,,,,,
890,890,2015-10-08,243.07,0.6095010000000001,3.06,,,,,,,,
891,891,2015-10-09,242.5,0.655084,3.07,,,,,,,,
892,892,2015-10-10,243.74,0.641187,3.11,,,,,,,,
893,893,2015-10-11,244.74,0.6274609999999999,3.11,,,,,,,,
894,894,2015-10-12,246.88,0.6345149999999999,3.15,,,,,,,,
895,895,2015-10-13,245.2,0.627943,3.14,,,,,,,,
896,896,2015-10-14,249.49,0.61224,3.18,,,,,,,,
897,897,2015-10-15,252.11,0.523278,3.15,,,,,,,,
898,898,2015-10-16,254.3,0.562593,3.11,,,,,,,,
899,899,2015-10-17,262.75,0.534117,3.11,,,,,,,,
900,900,2015-10-18,270.91,0.547913,3.07,,,,,,,,
901,901,2015-10-19,261.86,0.517621,3.03,,,,,,,,
902,902,2015-10-20,263.57,0.489629,3.05,,,,,,,,
903,903,2015-10-21,269.31,0.4315890000000001,3.09,,,,,,,,
904,904,2015-10-22,266.5,0.444988,3.08,,,,,,,,
905,905,2015-10-23,273.65,0.5663699999999999,3.12,,,,,,,,
906,906,2015-10-24,276.5,0.5396810000000001,3.11,,,,,,,,
907,907,2015-10-25,281.44,0.563207,3.11,,,,,,,,
908,908,2015-10-26,283.63,0.619743,3.07,,,,,,,,
909,909,2015-10-27,285.18,0.7088899999999999,3.11,,,,,,,,
910,910,2015-10-28,293.7,0.8709379999999999,3.1,,,,,,,,
911,911,2015-10-29,304.32,1.01,3.1,,,,,,,,
912,912,2015-10-30,313.94,1.21,3.77,,,,,,,,
913,913,2015-10-31,328.51,1.05,4.08,,,,,,,,
914,914,2015-11-01,315.0,0.920847,3.82,,,,,,,,
915,915,2015-11-02,325.94,1.06,3.98,,,,,,,,
916,916,2015-11-03,361.87,0.994568,4.17,,,,,,,,
917,917,2015-11-04,403.66,1.01,4.58,,,,,,,,
918,918,2015-11-05,408.08,0.900699,4.2,,,,,,,,
919,919,2015-11-06,388.05,0.904772,3.95,,,,,,,,
920,920,2015-11-07,374.27,0.923732,3.55,,,,,,,,
921,921,2015-11-08,384.28,0.915661,3.62,,,,,,,,
922,922,2015-11-09,374.32,1.03,3.43,,,,,,,,
923,923,2015-11-10,379.98,1.0,3.4,,,,,,,,
924,924,2015-11-11,339.82,0.941296,3.12,,,,,,,,
925,925,2015-11-12,314.08,0.796455,2.97,,,,,,,,
926,926,2015-11-13,338.5,0.907722,3.27,,,,,,,,
927,927,2015-11-14,336.62,0.905469,3.22,,,,,,,,
928,928,2015-11-15,333.05,0.891217,3.2,,,,,,,,
929,929,2015-11-16,319.74,0.906166,3.07,,,,,,,,
930,930,2015-11-17,330.36,0.924948,3.19,,,,,,,,
931,931,2015-11-18,334.59,0.993214,3.2,,,,,,,,
932,932,2015-11-19,334.68,0.988713,3.19,,,,,,,,
933,933,2015-11-20,326.41,0.955735,3.14,,,,,,,,
934,934,2015-11-21,322.09,0.928758,3.12,,,,,,,,
935,935,2015-11-22,326.98,0.979765,3.16,,,,,,,,
936,936,2015-11-23,324.35,0.967493,3.14,,,,,,,,
937,937,2015-11-24,323.01,0.946442,3.13,,,,,,,,
938,938,2015-11-25,320.05,0.893827,3.11,,,,,,,,
939,939,2015-11-26,328.3,0.863273,3.35,,,,,,,,
940,940,2015-11-27,351.86,0.8821,3.6,,,,,,,,
941,941,2015-11-28,357.14,0.868102,3.58,,,,,,,,
942,942,2015-11-29,357.47,0.914144,3.53,,,,,,,,
943,943,2015-11-30,371.44,0.879951,3.66,,,,,,,,
944,944,2015-12-01,377.41,0.878316,3.63,,,,,,,,
945,945,2015-12-02,361.85,0.8731709999999999,3.43,,,,,,,,
946,946,2015-12-03,359.33,0.818546,3.35,,,,,,,,
947,947,2015-12-04,361.26,0.812082,3.38,,,,,,,,
948,948,2015-12-05,363.72,0.841195,3.37,,,,,,,,
949,949,2015-12-06,389.56,0.866417,3.53,,,,,,,,
950,950,2015-12-07,389.98,0.8363219999999999,3.45,,,,,,,,
951,951,2015-12-08,395.75,0.806024,3.65,,,,,,,,
952,952,2015-12-09,414.44,0.8244540000000001,3.68,,,,,,,,
953,953,2015-12-10,417.99,0.7955899999999999,3.67,,,,,,,,
954,954,2015-12-11,415.28,0.839995,3.67,,,,,,,,
955,955,2015-12-12,452.33,0.931196,3.84,,,,,,,,
956,956,2015-12-13,431.66,0.971538,3.6,,,,,,,,
957,957,2015-12-14,433.27,0.95662,3.64,,,,,,,,
958,958,2015-12-15,443.88,0.990589,3.62,,,,,,,,
959,959,2015-12-16,465.21,1.02,3.84,,,,,,,,
960,960,2015-12-17,454.78,0.993043,3.7,,,,,,,,
961,961,2015-12-18,455.85,0.938327,3.75,,,,,,,,
962,962,2015-12-19,463.55,0.921524,3.77,,,,,,,,
963,963,2015-12-20,462.23,0.90824,3.74,,,,,,,,
964,964,2015-12-21,442.84,0.906065,3.55,,,,,,,,
965,965,2015-12-22,437.44,0.8949729999999999,3.46,,,,,,,,
966,966,2015-12-23,436.72,0.8617819999999999,3.43,,,,,,,,
967,967,2015-12-24,443.09,0.859433,3.59,,,,,,,,
968,968,2015-12-25,454.86,0.861993,3.65,,,,,,,,
969,969,2015-12-26,455.76,0.870766,3.64,,,,,,,,
970,970,2015-12-27,416.51,0.853166,3.42,,,,,,,,
971,971,2015-12-28,423.34,0.8563559999999999,3.48,,,,,,,,
972,972,2015-12-29,422.1,0.843835,3.47,,,,,,,,
973,973,2015-12-30,433.3,0.874258,3.51,,,,,,,,
974,974,2015-12-31,425.88,0.912098,3.46,,,,,,,,
975,975,2016-01-01,430.72,0.933712,3.48,,,,,,,,
976,976,2016-01-02,434.62,0.947401,3.52,,,,,,,,
977,977,2016-01-03,433.58,0.93843,3.5,,,,,,,,
978,978,2016-01-04,430.06,0.972045,3.48,,,,,,,,
979,979,2016-01-05,433.07,0.953147,3.49,,,,,,,,
980,980,2016-01-06,431.86,0.950028,3.47,,,,,,,,
981,981,2016-01-07,430.01,0.955801,3.45,,,,,,,,
982,982,2016-01-08,457.54,0.942752,3.6,,,,,,,,
983,983,2016-01-09,453.38,0.985501,3.57,,,,,,,,
984,984,2016-01-10,448.24,0.985557,3.56,,,,,,,,
985,985,2016-01-11,448.7,0.999216,3.53,,,,,,,,
986,986,2016-01-12,448.18,1.07,3.55,,,,,,,,
987,987,2016-01-13,434.67,1.14,3.49,,,,,,,,
988,988,2016-01-14,432.29,1.12,3.47,,,,,,,,
989,989,2016-01-15,430.25,1.18,3.46,,,,,,,,
990,990,2016-01-16,365.07,1.22,2.97,,,,,,,,
991,991,2016-01-17,387.15,1.22,3.09,,,,,,,,
992,992,2016-01-18,381.73,1.33,3.02,,,,,,,,
993,993,2016-01-19,387.03,1.42,3.05,,,,,,,,
994,994,2016-01-20,379.74,1.36,3.01,,,,,,,,
995,995,2016-01-21,419.63,1.53,3.38,,,,,,,,
996,996,2016-01-22,409.75,1.55,3.23,,,,,,,,
997,997,2016-01-23,382.43,1.5,3.08,,,,,,,,
998,998,2016-01-24,388.1,1.9,3.11,,,,,,,,
999,999,2016-01-25,402.32,2.15,3.19,,,,,,,,
1000,1000,2016-01-26,392.0,2.53,3.13,,,,,,,,
1001,1001,2016-01-27,392.44,2.25,3.16,,,,,,,,
1002,1002,2016-01-28,395.15,2.41,3.29,,,,,,,,
1003,1003,2016-01-29,380.11,2.54,3.14,,,,,,,,
1004,1004,2016-01-30,378.87,2.51,3.12,,,,,,,,
1005,1005,2016-01-31,378.29,2.44,3.1,,,,,,,,
1006,1006,2016-02-01,369.35,2.32,3.07,,,,,,,,
1007,1007,2016-02-02,372.92,2.22,3.09,,,,,,,,
1008,1008,2016-02-03,374.65,2.43,3.09,,,,,,,,
1009,1009,2016-02-04,370.17,2.53,3.06,,,,,,,,
1010,1010,2016-02-05,388.9,2.57,3.17,,,,,,,,
1011,1011,2016-02-06,386.59,2.53,3.15,,,,,,,,
1012,1012,2016-02-07,376.51,2.54,3.11,,,,,,,,
1013,1013,2016-02-08,376.76,2.97,3.09,,,,,,,,
1014,1014,2016-02-09,373.42,3.17,3.08,,,,,,,,
1015,1015,2016-02-10,376.15,4.0,3.09,,,,,,,,
1016,1016,2016-02-11,382.11,4.5,3.11,,,,,,,,
1017,1017,2016-02-12,379.69,5.95,3.09,,,,,,,,
1018,1018,2016-02-13,384.64,5.69,3.12,,,,,,,,
1019,1019,2016-02-14,392.93,5.4,3.15,,,,,,,,
1020,1020,2016-02-15,407.57,5.33,3.23,,,,,,,,
1021,1021,2016-02-16,401.43,5.33,3.2,,,,,,,,
1022,1022,2016-02-17,407.66,4.29,3.23,,,,,,,,
1023,1023,2016-02-18,416.57,3.77,3.25,,,,,,,,
1024,1024,2016-02-19,422.73,4.38,3.26,,,,,,,,
1025,1025,2016-02-20,421.6,4.68,3.27,,,,,,,,
1026,1026,2016-02-21,437.77,4.36,3.46,,,,,,,,
1027,1027,2016-02-22,438.99,4.66,3.47,,,,,,,,
1028,1028,2016-02-23,438.25,5.68,3.49,,,,,,,,
1029,1029,2016-02-24,420.96,5.6,3.4,,,,,,,,
1030,1030,2016-02-25,425.04,6.19,3.39,,,,,,,,
1031,1031,2016-02-26,424.63,6.04,3.37,,,,,,,,
1032,1032,2016-02-27,432.84,5.96,3.43,,,,,,,,
1033,1033,2016-02-28,432.57,6.41,3.41,,,,,,,,
1034,1034,2016-02-29,433.44,6.46,3.44,,,,,,,,
1035,1035,2016-03-01,437.92,6.32,3.45,,,,,,,,
1036,1036,2016-03-02,435.13,7.63,3.43,,,,,,,,
1037,1037,2016-03-03,423.91,8.44,3.36,,,,,,,,
1038,1038,2016-03-04,421.84,9.24,3.32,,,,,,,,
1039,1039,2016-03-05,410.78,10.37,3.25,,,,,,,,
1040,1040,2016-03-06,400.52,11.2,3.19,,,,,,,,
1041,1041,2016-03-07,407.76,11.43,3.22,,,,,,,,
1042,1042,2016-03-08,414.46,9.58,3.27,,,,,,,,
1043,1043,2016-03-09,413.89,9.79,3.25,,,,,,,,
1044,1044,2016-03-10,414.74,11.88,3.28,,,,,,,,
1045,1045,2016-03-11,417.24,11.22,3.29,,,,,,,,
1046,1046,2016-03-12,421.61,11.13,3.39,,,,,,,,
1047,1047,2016-03-13,411.65,13.51,3.29,,,,,,,,
1048,1048,2016-03-14,414.2,14.51,3.31,,,,,,,,
1049,1049,2016-03-15,416.39,13.0,3.3,,,,,,,,
1050,1050,2016-03-16,416.89,13.02,3.31,,,,,,,,
1051,1051,2016-03-17,417.89,12.56,3.31,,,,,,,,
1052,1052,2016-03-18,420.55,11.11,3.31,,,,,,,,
1053,1053,2016-03-19,409.26,11.2,3.17,,,,,,,,
1054,1054,2016-03-20,410.4,10.52,3.18,,,,,,,,
1055,1055,2016-03-21,413.42,10.3,3.21,,,,,,,,
1056,1056,2016-03-22,413.13,11.88,3.2,,,,,,,,
1057,1057,2016-03-23,418.16,11.33,3.23,,,,,,,,
1058,1058,2016-03-24,418.42,12.44,3.25,,,,,,,,
1059,1059,2016-03-25,416.51,11.26,3.23,,,,,,,,
1060,1060,2016-03-26,417.37,10.77,3.23,,,,,,,,
1061,1061,2016-03-27,418.14,10.99,3.23,,,,,,,,
1062,1062,2016-03-28,426.55,10.43,3.3,,,,,,,,
1063,1063,2016-03-29,424.3,11.75,3.26,,,,,,,,
1064,1064,2016-03-30,416.83,11.61,3.23,,,,,,,,
1065,1065,2016-03-31,415.26,11.92,3.23,,,,,,,,
1066,1066,2016-04-01,416.76,11.4,3.25,,,,,,,,
1067,1067,2016-04-02,418.42,11.63,3.25,,,,,,,,
1068,1068,2016-04-03,421.17,11.63,3.26,,,,,,,,
1069,1069,2016-04-04,421.3,11.62,3.26,,,,,,,,
1070,1070,2016-04-05,421.02,11.21,3.25,,,,,,,,
1071,1071,2016-04-06,424.28,10.45,3.26,,,,,,,,
1072,1072,2016-04-07,423.62,10.7,3.26,,,,,,,,
1073,1073,2016-04-08,422.91,10.08,3.24,,,,,,,,
1074,1074,2016-04-09,420.81,9.69,3.22,,,,,,,,
1075,1075,2016-04-10,419.59,9.15,3.22,,,,,,,,
1076,1076,2016-04-11,421.87,8.94,3.23,,,,,,,,
1077,1077,2016-04-12,422.84,8.64,3.24,,,,,,,,
1078,1078,2016-04-13,425.63,7.44,3.26,,,,,,,,
1079,1079,2016-04-14,423.94,8.08,3.25,,,,,,,,
1080,1080,2016-04-15,424.43,8.39,3.24,,,,,,,,
1081,1081,2016-04-16,429.57,8.24,3.28,,,,,,,,
1082,1082,2016-04-17,430.64,8.62,3.28,,,,,,,,
1083,1083,2016-04-18,427.61,9.33,3.26,,,,,,,,
1084,1084,2016-04-19,428.7,9.08,3.25,,,,,,,,
1085,1085,2016-04-20,435.32,8.69,3.29,,,,,,,,
1086,1086,2016-04-21,441.42,8.45,3.28,,,,,,,,
1087,1087,2016-04-22,449.69,8.15,3.35,,,,,,,,
1088,1088,2016-04-23,445.86,7.79,3.32,,,,,,,,
1089,1089,2016-04-24,450.56,8.29,3.35,,,,,,,,
1090,1090,2016-04-25,459.12,8.01,3.62,,,,,,,,
1091,1091,2016-04-26,461.65,7.53,3.8,,,,,,,,
1092,1092,2016-04-27,466.26,7.39,4.05,,,,,,,,
1093,1093,2016-04-28,445.04,7.74,3.88,,,,,,,,
1094,1094,2016-04-29,449.41,7.21,3.79,,,,,,,,
1095,1095,2016-04-30,455.18,7.45,3.81,,,,,,,,
1096,1096,2016-05-01,448.48,8.78,3.66,,,,,,,,
1097,1097,2016-05-02,451.93,8.89,3.71,,,,,,,,
1098,1098,2016-05-03,444.73,10.17,3.68,,,,,,,,
1099,1099,2016-05-04,450.18,9.38,3.74,,,,,,,,
1100,1100,2016-05-05,446.71,9.4,3.74,,,,,,,,
1101,1101,2016-05-06,447.94,9.81,3.72,,,,,,,,
1102,1102,2016-05-07,459.64,9.32,3.82,,,,,,,,
1103,1103,2016-05-08,458.43,9.37,3.94,,,,,,,,
1104,1104,2016-05-09,458.21,9.49,3.94,,,,,,,,
1105,1105,2016-05-10,460.52,9.28,4.06,,,,,,,,
1106,1106,2016-05-11,450.86,9.43,3.82,,,,,,,,
1107,1107,2016-05-12,452.45,10.0,3.88,,,,,,,,
1108,1108,2016-05-13,454.85,10.06,3.86,,,,,,,,
1109,1109,2016-05-14,455.82,10.51,3.93,,,,,,,,
1110,1110,2016-05-15,455.76,10.24,4.01,,,,,,,,
1111,1111,2016-05-16,457.59,9.97,4.06,,,,,,,,
1112,1112,2016-05-17,454.01,11.19,4.0,,,,,,,,
1113,1113,2016-05-18,453.69,12.18,3.98,,,,,,,,
1114,1114,2016-05-19,454.52,13.54,4.0,,,,,,,,
1115,1115,2016-05-20,437.79,14.85,3.82,,,,,,,,
1116,1116,2016-05-21,442.97,13.69,3.88,,,,,,,,
1117,1117,2016-05-22,443.22,14.04,3.96,,,,,,,,
1118,1118,2016-05-23,439.35,14.28,3.92,,,,,,,,
1119,1119,2016-05-24,444.29,13.31,3.96,,,,,,,,
1120,1120,2016-05-25,446.06,12.79,3.95,,,,,,,,
1121,1121,2016-05-26,449.67,12.52,4.05,,,,,,,,
1122,1122,2016-05-27,453.52,12.39,4.09,,,,,,,,
1123,1123,2016-05-28,473.03,11.33,4.51,,,,,,,,
1124,1124,2016-05-29,527.48,12.11,4.69,,,,,,,,
1125,1125,2016-05-30,528.47,12.33,4.63,,,,,,,,
1126,1126,2016-05-31,534.19,12.74,4.69,,,,,,,,
1127,1127,2016-06-01,531.11,14.11,4.65,,,,,,,,
1128,1128,2016-06-02,536.51,13.99,4.74,,,,,,,,
1129,1129,2016-06-03,537.68,13.74,4.72,,,,,,,,
1130,1130,2016-06-04,569.71,13.86,4.86,,,,,,,,
1131,1131,2016-06-05,573.31,13.76,4.8,,,,,,,,
1132,1132,2016-06-06,574.6,14.0,4.81,,,,,,,,
1133,1133,2016-06-07,585.45,13.95,4.95,,,,,,,,
1134,1134,2016-06-08,577.17,14.51,4.77,,,,,,,,
1135,1135,2016-06-09,582.2,14.43,4.78,,,,,,,,
1136,1136,2016-06-10,575.84,14.38,4.75,,,,,,,,
1137,1137,2016-06-11,578.67,13.91,4.88,,,,,,,,
1138,1138,2016-06-12,609.68,14.19,5.07,,,,,,,,
1139,1139,2016-06-13,671.65,15.77,5.41,,,,,,,,
1140,1140,2016-06-14,704.5,17.61,5.31,,,,,,,,
1141,1141,2016-06-15,685.68,18.91,5.22,,,,,,,,
1142,1142,2016-06-16,696.52,18.36,5.25,,,,,,,,
1143,1143,2016-06-17,768.49,20.65,5.67,,,,,,,,
1144,1144,2016-06-18,748.76,15.38,5.6,,,,,,,,
1145,1145,2016-06-19,756.69,11.17,5.56,,,,,,,,
1146,1146,2016-06-20,763.93,12.24,5.63,,,,,,,,
1147,1147,2016-06-21,735.88,11.82,5.27,,,,,,,,
1148,1148,2016-06-22,665.91,13.2,4.83,,,,,,,,
1149,1149,2016-06-23,597.44,13.22,3.92,,,,,,,,
1150,1150,2016-06-24,625.58,13.68,3.85,,,,,,,,
1151,1151,2016-06-25,665.28,14.3,4.27,,,,,,,,
1152,1152,2016-06-26,665.93,14.26,4.24,,,,,,,,
1153,1153,2016-06-27,629.35,13.81,4.05,,,,,,,,
1154,1154,2016-06-28,658.1,13.93,4.14,,,,,,,,
1155,1155,2016-06-29,644.12,12.17,4.1,,,,,,,,
1156,1156,2016-06-30,640.59,12.6,4.08,,,,,,,,
1157,1157,2016-07-01,672.51,12.44,4.19,,,,,,,,
1158,1158,2016-07-02,676.73,12.22,4.28,,,,,,,,
1159,1159,2016-07-03,704.97,12.12,4.66,,,,,,,,
1160,1160,2016-07-04,658.8,11.7,4.27,,,,,,,,
1161,1161,2016-07-05,683.21,11.46,4.56,,,,,,,,
1162,1162,2016-07-06,670.42,10.58,4.46,,,,,,,,
1163,1163,2016-07-07,678.09,10.54,4.5,,,,,,,,
1164,1164,2016-07-08,640.69,10.12,4.12,,,,,,,,
1165,1165,2016-07-09,666.38,11.42,4.24,,,,,,,,
1166,1166,2016-07-10,650.6,10.96,4.12,,,,,,,,
1167,1167,2016-07-11,648.48,10.94,4.12,,,,,,,,
1168,1168,2016-07-12,648.28,10.45,4.09,,,,,,,,
1169,1169,2016-07-13,664.8,10.51,4.16,,,,,,,,
1170,1170,2016-07-14,652.92,10.6,4.14,,,,,,,,
1171,1171,2016-07-15,659.17,11.5,4.15,,,,,,,,
1172,1172,2016-07-16,663.78,11.92,4.15,,,,,,,,
1173,1173,2016-07-17,661.99,11.62,4.14,,,,,,,,
1174,1174,2016-07-18,679.81,11.17,4.2,,,,,,,,
1175,1175,2016-07-19,672.74,11.05,4.15,,,,,,,,
1176,1176,2016-07-20,672.81,11.59,4.15,,,,,,,,
1177,1177,2016-07-21,665.23,12.46,4.13,,,,,,,,
1178,1178,2016-07-22,664.92,12.66,4.13,,,,,,,,
1179,1179,2016-07-23,650.73,14.67,4.04,,,,,,,,
1180,1180,2016-07-24,655.41,14.3,4.06,,,,,,,,
1181,1181,2016-07-25,661.26,12.74,4.07,,,,,,,,
1182,1182,2016-07-26,654.23,13.82,4.04,,,,,,,,
1183,1183,2016-07-27,651.63,12.05,3.96,,,,,,,,
1184,1184,2016-07-28,654.49,12.98,3.97,,,,,,,,
1185,1185,2016-07-29,655.11,12.84,3.97,,,,,,,,
1186,1186,2016-07-30,657.01,12.8,4.08,,,,,,,,
1187,1187,2016-07-31,655.1,12.44,4.08,,,,,,,,
1188,1188,2016-08-01,624.6,11.89,4.06,,,,,,,,
1189,1189,2016-08-02,606.4,10.95,3.87,,,,,,,,
1190,1190,2016-08-03,548.66,8.88,3.64,,,,,,,,
1191,1191,2016-08-04,566.33,10.31,3.71,,,,,,,,
1192,1192,2016-08-05,578.28,11.02,3.74,,,,,,,,
1193,1193,2016-08-06,575.03,10.92,3.72,,,,,,,,
1194,1194,2016-08-07,587.77,10.86,3.76,,,,,,,,
1195,1195,2016-08-08,592.74,10.91,3.77,,,,,,,,
1196,1196,2016-08-09,591.04,11.27,3.78,,,,,,,,
1197,1197,2016-08-10,587.65,12.23,3.76,,,,,,,,
1198,1198,2016-08-11,592.12,12.14,3.72,,,,,,,,
1199,1199,2016-08-12,588.8,11.69,3.74,,,,,,,,
1200,1200,2016-08-13,587.36,11.77,3.71,,,,,,,,
1201,1201,2016-08-14,585.59,11.58,3.72,,,,,,,,
1202,1202,2016-08-15,570.49,11.2,3.65,,,,,,,,
1203,1203,2016-08-16,567.24,11.23,3.59,,,,,,,,
1204,1204,2016-08-17,577.76,11.13,3.65,,,,,,,,
1205,1205,2016-08-18,573.71,10.75,3.6,,,,,,,,
1206,1206,2016-08-19,574.34,10.75,3.61,,,,,,,,
1207,1207,2016-08-20,576.08,10.75,3.61,,,,,,,,
1208,1208,2016-08-21,581.94,11.25,3.62,,,,,,,,
1209,1209,2016-08-22,581.31,11.19,3.62,,,,,,,,
1210,1210,2016-08-23,586.77,11.14,3.66,,,,,,,,
1211,1211,2016-08-24,583.41,11.02,3.93,,,,,,,,
1212,1212,2016-08-25,580.18,11.03,3.86,,,,,,,,
1213,1213,2016-08-26,577.75,11.35,3.8,,,,,,,,
1214,1214,2016-08-27,579.45,11.29,3.82,,,,,,,,
1215,1215,2016-08-28,569.83,11.15,3.74,,,,,,,,
1216,1216,2016-08-29,574.07,10.92,3.74,,,,,,,,
1217,1217,2016-08-30,574.11,10.99,3.77,,,,,,,,
1218,1218,2016-08-31,577.59,11.24,3.81,,,,,,,,
1219,1219,2016-09-01,575.55,11.67,3.8,,,,,,,,
1220,1220,2016-09-02,572.41,11.96,3.84,,,,,,,,
1221,1221,2016-09-03,575.55,12.11,3.83,,,,,,,,
1222,1222,2016-09-04,598.59,11.75,3.89,,,,,,,,
1223,1223,2016-09-05,608.99,11.68,4.02,,,,,,,,
1224,1224,2016-09-06,606.51,11.73,3.98,,,,,,,,
1225,1225,2016-09-07,610.57,11.69,3.99,,,,,,,,
1226,1226,2016-09-08,614.63,11.55,3.97,,,,,,,,
1227,1227,2016-09-09,626.35,11.41,3.98,,,,,,,,
1228,1228,2016-09-10,622.93,11.66,3.97,,,,,,,,
1229,1229,2016-09-11,623.42,12.21,3.97,,,,,,,,
1230,1230,2016-09-12,607.0,11.64,3.87,,,,,,,,
1231,1231,2016-09-13,608.02,11.89,3.83,,,,,,,,
1232,1232,2016-09-14,608.84,11.9,3.82,,,,,,,,
1233,1233,2016-09-15,610.59,11.94,3.83,,,,,,,,
1234,1234,2016-09-16,607.25,11.96,3.82,,,,,,,,
1235,1235,2016-09-17,607.22,12.56,3.8,,,,,,,,
1236,1236,2016-09-18,606.28,12.69,3.81,,,,,,,,
1237,1237,2016-09-19,609.87,12.44,4.04,,,,,,,,
1238,1238,2016-09-20,609.25,13.21,3.83,,,,,,,,
1239,1239,2016-09-21,603.59,14.43,3.87,,,,,,,,
1240,1240,2016-09-22,597.28,13.66,3.86,,,,,,,,
1241,1241,2016-09-23,596.2,13.21,3.77,,,,,,,,
1242,1242,2016-09-24,602.96,13.32,3.81,,,,,,,,
1243,1243,2016-09-25,602.75,12.85,3.8,,,,,,,,
1244,1244,2016-09-26,600.81,13.17,3.8,,,,,,,,
1245,1245,2016-09-27,608.02,12.86,3.86,,,,,,,,
1246,1246,2016-09-28,606.24,13.11,3.85,,,,,,,,
1247,1247,2016-09-29,605.02,13.28,3.84,,,,,,,,
1248,1248,2016-09-30,605.72,13.08,3.84,,,,,,,,
1249,1249,2016-10-01,609.93,13.2,3.85,,,,,,,,
1250,1250,2016-10-02,613.95,13.18,3.85,,,,,,,,
1251,1251,2016-10-03,610.97,13.2,3.85,,,,,,,,
1252,1252,2016-10-04,612.05,13.45,3.84,,,,,,,,
1253,1253,2016-10-05,610.22,13.28,3.83,,,,,,,,
1254,1254,2016-10-06,612.47,13.03,3.85,,,,,,,,
1255,1255,2016-10-07,612.61,12.85,3.84,,,,,,,,
1256,1256,2016-10-08,617.34,12.67,3.86,,,,,,,,
1257,1257,2016-10-09,619.17,12.22,3.84,,,,,,,,
1258,1258,2016-10-10,616.82,12.06,3.82,,,,,,,,
1259,1259,2016-10-11,619.24,11.76,3.8,,,,,,,,
1260,1260,2016-10-12,640.87,11.78,3.82,,,,,,,,
1261,1261,2016-10-13,636.03,11.91,3.75,,,,,,,,
1262,1262,2016-10-14,637.01,11.99,3.91,,,,,,,,
1263,1263,2016-10-15,640.31,11.94,3.9,,,,,,,,
1264,1264,2016-10-16,639.08,11.98,3.88,,,,,,,,
1265,1265,2016-10-17,641.82,11.96,3.89,,,,,,,,
1266,1266,2016-10-18,639.41,12.0,3.95,,,,,,,,
1267,1267,2016-10-19,638.13,12.59,3.85,,,,,,,,
1268,1268,2016-10-20,630.66,12.05,3.81,,,,,,,,
1269,1269,2016-10-21,630.83,12.13,3.79,,,,,,,,
1270,1270,2016-10-22,633.14,12.18,3.81,,,,,,,,
1271,1271,2016-10-23,657.62,12.13,3.89,,,,,,,,
1272,1272,2016-10-24,657.16,12.04,3.92,,,,,,,,
1273,1273,2016-10-25,654.0,11.97,3.87,,,,,,,,
1274,1274,2016-10-26,657.68,11.38,3.91,,,,,,,,
1275,1275,2016-10-27,678.21,11.53,3.96,,,,,,,,
1276,1276,2016-10-28,688.0,11.47,4.04,,,,,,,,
1277,1277,2016-10-29,690.29,11.1,3.98,,,,,,,,
1278,1278,2016-10-30,714.12,10.43,4.1,,,,,,,,
1279,1279,2016-10-31,702.64,11.23,4.04,,,,,,,,
1280,1280,2016-11-01,701.34,10.96,4.0,,,,,,,,
1281,1281,2016-11-02,730.07,10.77,4.09,,,,,,,,
1282,1282,2016-11-03,742.35,10.8,4.11,,,,,,,,
1283,1283,2016-11-04,689.12,10.82,3.86,,,,,,,,
1284,1284,2016-11-05,703.52,11.09,3.88,,,,,,,,
1285,1285,2016-11-06,703.81,10.99,3.86,,,,,,,,
1286,1286,2016-11-07,710.74,10.9,3.89,,,,,,,,
1287,1287,2016-11-08,703.09,10.85,3.84,,,,,,,,
1288,1288,2016-11-09,709.83,10.82,3.85,,,,,,,,
1289,1289,2016-11-10,722.84,10.67,3.86,,,,,,,,
1290,1290,2016-11-11,715.55,10.51,3.84,,,,,,,,
1291,1291,2016-11-12,716.75,10.29,3.81,,,,,,,,
1292,1292,2016-11-13,705.2,9.89,3.77,,,,,,,,
1293,1293,2016-11-14,702.0,10.1,3.88,,,,,,,,
1294,1294,2016-11-15,705.79,9.97,3.89,,,,,,,,
1295,1295,2016-11-16,711.17,10.22,3.9,,,,,,,,
1296,1296,2016-11-17,744.88,10.06,4.06,,,,,,,,
1297,1297,2016-11-18,740.71,9.99,3.96,,,,,,,,
1298,1298,2016-11-19,751.83,9.48,3.98,,,,,,,,
1299,1299,2016-11-20,751.88,9.66,3.97,,,,,,,,
1300,1300,2016-11-21,731.26,9.58,3.93,,,,,,,,
1301,1301,2016-11-22,739.64,9.63,3.95,,,,,,,,
1302,1302,2016-11-23,751.74,9.92,3.97,,,,,,,,
1303,1303,2016-11-24,744.62,9.85,3.93,,,,,,,,
1304,1304,2016-11-25,740.44,9.23,3.91,,,,,,,,
1305,1305,2016-11-26,741.51,9.42,3.92,,,,,,,,
1306,1306,2016-11-27,735.44,9.31,3.91,,,,,,,,
1307,1307,2016-11-28,732.48,9.0,3.9,,,,,,,,
1308,1308,2016-11-29,736.33,8.73,3.89,,,,,,,,
1309,1309,2016-11-30,736.28,8.16,3.89,,,,,,,,
1310,1310,2016-12-01,746.05,8.6,3.91,,,,,,,,
1311,1311,2016-12-02,757.54,8.46,3.92,,,,,,,,
1312,1312,2016-12-03,778.25,7.77,3.95,,,,,,,,
1313,1313,2016-12-04,771.64,7.9,3.93,,,,,,,,
1314,1314,2016-12-05,773.39,7.41,3.88,,,,,,,,
1315,1315,2016-12-06,758.72,6.8,3.49,,,,,,,,
1316,1316,2016-12-07,764.21,7.89,3.54,,,,,,,,
1317,1317,2016-12-08,768.08,8.38,3.6,,,,,,,,
1318,1318,2016-12-09,769.94,8.17,3.69,,,,,,,,
1319,1319,2016-12-10,773.02,8.44,3.69,,,,,,,,
1320,1320,2016-12-11,774.75,8.13,3.69,,,,,,,,
1321,1321,2016-12-12,770.04,8.19,3.64,,,,,,,,
1322,1322,2016-12-13,780.65,8.52,3.67,,,,,,,,
1323,1323,2016-12-14,780.0,8.45,3.66,,,,,,,,
1324,1324,2016-12-15,780.07,8.24,3.61,,,,,,,,
1325,1325,2016-12-16,778.96,7.86,3.63,,,,,,,,
1326,1326,2016-12-17,785.17,7.86,3.63,,,,,,,,
1327,1327,2016-12-18,791.01,7.86,3.7,,,,,,,,
1328,1328,2016-12-19,790.69,7.87,3.68,,,,,,,,
1329,1329,2016-12-20,792.25,7.63,3.66,,,,,,,,
1330,1330,2016-12-21,800.64,7.66,3.66,,,,,,,,
1331,1331,2016-12-22,834.18,7.9,3.67,,,,,,,,
1332,1332,2016-12-23,864.89,7.58,3.72,,,,,,,,
1333,1333,2016-12-24,922.18,7.15,4.65,,,,,,,,
1334,1334,2016-12-25,899.65,7.26,4.56,,,,,,,,
1335,1335,2016-12-26,896.9,7.13,4.35,,,,,,,,
1336,1336,2016-12-27,908.35,7.28,4.37,,,,,,,,
1337,1337,2016-12-28,934.83,7.15,4.49,,,,,,,,
1338,1338,2016-12-29,975.13,7.54,4.58,,,,,,,,
1339,1339,2016-12-30,972.53,8.29,4.56,,,,,,,,
1340,1340,2016-12-31,960.63,8.15,4.39,,,,,,,,
1341,1341,2017-01-01,963.66,7.98,4.33,,,,,,,,
1342,1342,2017-01-02,998.62,8.17,4.52,,,,,,,,
1343,1343,2017-01-03,1021.6,8.37,4.66,,,,,,,,
1344,1344,2017-01-04,1044.4,9.71,4.63,,,,,,,,
1345,1345,2017-01-05,1156.73,11.29,4.91,,,,,,,,
1346,1346,2017-01-06,1014.24,10.29,4.3,,,,,,,,
1347,1347,2017-01-07,903.49,10.24,3.86,,,,,,,,
1348,1348,2017-01-08,908.17,9.87,3.96,,,,,,,,
1349,1349,2017-01-09,913.24,10.31,4.0,,,,,,,,
1350,1350,2017-01-10,902.44,10.37,4.3,,,,,,,,
1351,1351,2017-01-11,908.12,10.54,4.6,,,,,,,,
1352,1352,2017-01-12,775.18,9.72,3.84,,,,,,,,
1353,1353,2017-01-13,803.74,9.83,3.95,,,,,,,,
1354,1354,2017-01-14,825.14,9.79,3.89,,,,,,,,
1355,1355,2017-01-15,818.14,9.83,3.89,,,,,,,,
1356,1356,2017-01-16,821.78,9.88,3.92,,,,,,,,
1357,1357,2017-01-17,830.95,9.64,3.91,,,,,,,,
1358,1358,2017-01-18,909.37,10.3,3.94,,,,,,,,
1359,1359,2017-01-19,888.34,10.24,3.84,,,,,,,,
1360,1360,2017-01-20,898.17,10.39,3.86,,,,,,,,
1361,1361,2017-01-21,895.55,10.6,3.89,,,,,,,,
1362,1362,2017-01-22,922.21,10.91,3.9,,,,,,,,
1363,1363,2017-01-23,925.5,10.71,3.86,,,,,,,,
1364,1364,2017-01-24,910.68,10.73,3.84,,,,,,,,
1365,1365,2017-01-25,891.92,10.62,3.79,,,,,,,,
1366,1366,2017-01-26,902.39,10.57,3.71,,,,,,,,
1367,1367,2017-01-27,918.36,10.58,3.84,,,,,,,,
1368,1368,2017-01-28,919.81,10.54,3.85,,,,,,,,
1369,1369,2017-01-29,922.07,10.56,3.85,,,,,,,,
1370,1370,2017-01-30,920.15,10.49,3.86,,,,,,,,
1371,1371,2017-01-31,920.96,10.56,4.02,,,,,,,,
1372,1372,2017-02-01,970.94,10.74,4.08,,,,,,,,
1373,1373,2017-02-02,990.0,10.74,4.08,,,,,,,,
1374,1374,2017-02-03,1011.46,10.81,4.08,,,,,,,,
1375,1375,2017-02-04,1031.33,11.13,4.08,,,,,,,,
1376,1376,2017-02-05,1043.52,11.44,4.07,,,,,,,,
1377,1377,2017-02-06,1028.4,11.35,4.06,,,,,,,,
1378,1378,2017-02-07,1040.14,11.43,4.05,,,,,,,,
1379,1379,2017-02-08,1062.32,11.54,4.05,,,,,,,,
1380,1380,2017-02-09,1064.7,11.44,4.03,,,,,,,,
1381,1381,2017-02-10,995.63,11.04,3.8,,,,,,,,
1382,1382,2017-02-11,988.9,11.29,3.78,,,,,,,,
1383,1383,2017-02-12,1003.52,11.35,3.8,,,,,,,,
1384,1384,2017-02-13,998.88,11.38,3.77,,,,,,,,
1385,1385,2017-02-14,991.74,11.29,3.72,,,,,,,,
1386,1386,2017-02-15,1006.21,13.04,3.77,,,,,,,,
1387,1387,2017-02-16,1007.65,12.92,3.8,,,,,,,,
1388,1388,2017-02-17,1026.12,12.9,3.78,,,,,,,,
1389,1389,2017-02-18,1049.21,12.71,3.83,,,,,,,,
1390,1390,2017-02-19,1054.76,12.82,3.79,,,,,,,,
1391,1391,2017-02-20,1048.69,12.77,3.77,,,,,,,,
1392,1392,2017-02-21,1079.28,12.34,3.76,,,,,,,,
1393,1393,2017-02-22,1114.8,12.69,3.79,,,,,,,,
1394,1394,2017-02-23,1117.27,12.6,3.8,,,,,,,,
1395,1395,2017-02-24,1172.71,13.13,3.83,,,,,,,,
1396,1396,2017-02-25,1170.41,13.06,3.85,,,,,,,,
1397,1397,2017-02-26,1144.27,13.52,3.82,,,,,,,,
1398,1398,2017-02-27,1163.78,14.51,3.81,,,,,,,,
1399,1399,2017-02-28,1180.72,15.45,3.8,,,,,,,,
1400,1400,2017-03-01,1180.04,15.85,3.77,,,,,,,,
1401,1401,2017-03-02,1224.68,17.36,3.8,,,,,,,,
1402,1402,2017-03-03,1250.71,19.04,3.92,,,,,,,,
1403,1403,2017-03-04,1277.43,19.52,3.91,,,,,,,,
1404,1404,2017-03-05,1254.29,18.5,3.86,,,,,,,,
1405,1405,2017-03-06,1267.47,19.28,3.87,,,,,,,,
1406,1406,2017-03-07,1273.21,19.58,3.89,,,,,,,,
1407,1407,2017-03-08,1223.23,18.88,3.81,,,,,,,,
1408,1408,2017-03-09,1150.35,16.64,3.77,,,,,,,,
1409,1409,2017-03-10,1189.36,17.74,3.83,,,,,,,,
1410,1410,2017-03-11,1116.32,19.37,3.76,,,,,,,,
1411,1411,2017-03-12,1176.62,21.46,3.79,,,,,,,,
1412,1412,2017-03-13,1221.78,23.5,3.85,,,,,,,,
1413,1413,2017-03-14,1232.16,28.57,4.17,,,,,,,,
1414,1414,2017-03-15,1240.16,28.65,4.05,,,,,,,,
1415,1415,2017-03-16,1251.33,35.36,4.15,,,,,,,,
1416,1416,2017-03-17,1180.16,45.93,4.23,,,,,,,,
1417,1417,2017-03-18,1099.69,46.87,4.04,,,,,,,,
1418,1418,2017-03-19,976.73,35.53,3.96,,,,,,,,
1419,1419,2017-03-20,1037.24,44.83,3.95,,,,,,,,
1420,1420,2017-03-21,1055.36,43.51,4.04,,,,,,,,
1421,1421,2017-03-22,1120.65,43.12,3.99,,,,,,,,
1422,1422,2017-03-23,1050.05,42.57,3.93,,,,,,,,
1423,1423,2017-03-24,1038.45,43.64,3.97,,,,,,,,
1424,1424,2017-03-25,936.54,53.58,4.07,,,,,,,,
1425,1425,2017-03-26,974.01,50.77,4.07,,,,,,,,
1426,1426,2017-03-27,972.05,51.31,4.07,,,,,,,,
1427,1427,2017-03-28,1044.58,49.71,4.07,,,,,,,,
1428,1428,2017-03-29,1046.08,50.57,4.14,,,,,,,,
1429,1429,2017-03-30,1042.21,53.12,4.18,,,,,,,,
1430,1430,2017-03-31,1026.64,51.75,7.02,,,,,,,,
1431,1431,2017-04-01,1071.71,50.03,6.65,,,,,,,,
1432,1432,2017-04-02,1080.61,50.74,6.86,,,,,,,,
1433,1433,2017-04-03,1102.95,48.82,7.74,,,,,,,,
1434,1434,2017-04-04,1145.52,43.92,8.12,,,,,,,,
1435,1435,2017-04-05,1134.14,44.66,8.25,,,,,,,,
1436,1436,2017-04-06,1125.81,45.22,11.12,,,,,,,,
1437,1437,2017-04-07,1178.94,42.87,10.22,,,,,,,,
1438,1438,2017-04-08,1172.65,41.8,9.34,,,,,,,,
1439,1439,2017-04-09,1176.57,44.28,9.89,,,,,,,,
1440,1440,2017-04-10,1187.3,43.28,8.72,,,,,,,,
1441,1441,2017-04-11,1187.46,43.5,8.91,,,,,,,,
1442,1442,2017-04-12,1204.81,43.46,8.83,,,,,,,,
1443,1443,2017-04-13,1201.02,46.31,10.76,,,,,,,,
1444,1444,2017-04-14,1170.33,49.97,10.13,,,,,,,,
1445,1445,2017-04-15,1167.3,47.65,10.34,,,,,,,,
1446,1446,2017-04-16,1172.61,49.04,10.75,,,,,,,,
1447,1447,2017-04-17,1183.25,48.66,10.6,,,,,,,,
1448,1448,2017-04-18,1193.77,48.32,10.42,,,,,,,,
1449,1449,2017-04-19,1212.13,50.73,10.31,,,,,,,,
1450,1450,2017-04-20,1211.08,48.13,9.63,,,,,,,,
1451,1451,2017-04-21,1229.42,49.64,10.29,,,,,,,,
1452,1452,2017-04-22,1222.71,48.18,11.18,,,,,,,,
1453,1453,2017-04-23,1231.92,48.59,13.07,,,,,,,,
1454,1454,2017-04-24,1209.63,48.87,13.96,,,,,,,,
1455,1455,2017-04-25,1250.45,50.07,14.98,,,,,,,,
1456,1456,2017-04-26,1265.99,49.91,15.21,,,,,,,,
1457,1457,2017-04-27,1281.88,52.81,14.84,,,,,,,,
1458,1458,2017-04-28,1317.74,62.23,14.59,,,,,,,,
1459,1459,2017-04-29,1317.84,71.39,14.4,,,,,,,,
1460,1460,2017-04-30,1321.87,68.54,15.7,,,,,,,,
1461,1461,2017-05-01,1348.3,79.32,15.71,,,,,,,,
1462,1462,2017-05-02,1421.03,76.65,15.92,,,,,,,,
1463,1463,2017-05-03,1453.78,77.25,15.88,,,,,,,,
1464,1464,2017-05-04,1490.72,79.72,21.04,,,,,,,,
1465,1465,2017-05-05,1540.87,96.73,23.47,,,,,,,,
1466,1466,2017-05-06,1556.81,94.91,26.47,,,,,,,,
1467,1467,2017-05-07,1579.47,97.87,28.2,,,,,,,,
1468,1468,2017-05-08,1596.92,93.75,30.37,,,,,,,,
1469,1469,2017-05-09,1723.89,91.23,28.96,,,,,,,,
1470,1470,2017-05-10,1756.52,91.15,33.3,,,,,,,,
1471,1471,2017-05-11,1780.37,89.77,32.66,,,,,,,,
1472,1472,2017-05-12,1845.76,89.43,30.93,,,,,,,,
1473,1473,2017-05-13,1723.12,88.69,27.22,,,,,,,,
1474,1474,2017-05-14,1800.86,90.87,29.09,,,,,,,,
1475,1475,2017-05-15,1808.44,90.78,28.89,,,,,,,,
1476,1476,2017-05-16,1741.7,92.39,25.34,,,,,,,,
1477,1477,2017-05-17,1726.73,89.25,23.24,,,,,,,,
1478,1478,2017-05-18,1818.7,89.84,25.17,,,,,,,,
1479,1479,2017-05-19,1897.37,97.05,28.29,,,,,,,,
1480,1480,2017-05-20,1984.24,129.22,27.68,,,,,,,,
1481,1481,2017-05-21,2067.03,127.54,27.48,,,,,,,,
1482,1482,2017-05-22,2043.19,158.17,26.14,,,,,,,,
1483,1483,2017-05-23,2191.56,170.82,25.3,,,,,,,,
1484,1484,2017-05-24,2321.37,182.65,32.12,,,,,,,,
1485,1485,2017-05-25,2446.24,189.85,34.47,,,,,,,,
1486,1486,2017-05-26,2320.89,175.22,30.33,,,,,,,,
1487,1487,2017-05-27,2196.27,159.82,23.4,,,,,,,,
1488,1488,2017-05-28,2054.08,158.82,24.01,,,,,,,,
1489,1489,2017-05-29,2159.43,170.13,24.32,,,,,,,,
1490,1490,2017-05-30,2255.36,195.61,25.32,,,,,,,,
1491,1491,2017-05-31,2187.19,231.58,24.29,,,,,,,,
1492,1492,2017-06-01,2288.33,230.89,25.34,,,,,,,,
1493,1493,2017-06-02,2404.03,222.29,28.9,,,,,,,,
1494,1494,2017-06-03,2493.72,223.46,29.04,,,,,,,,
1495,1495,2017-06-04,2547.79,224.12,27.65,,,,,,,,
1496,1496,2017-06-05,2512.4,245.26,28.09,,,,,,,,
1497,1497,2017-06-06,2690.84,248.6,30.84,,,,,,,,
1498,1498,2017-06-07,2869.38,264.26,30.57,,,,,,,,
1499,1499,2017-06-08,2720.49,257.99,28.38,,,,,,,,
1500,1500,2017-06-09,2807.44,261.75,30.19,,,,,,,,
1501,1501,2017-06-10,2828.14,282.01,29.68,,,,,,,,
1502,1502,2017-06-11,2942.41,338.79,30.5,,,,,,,,
1503,1503,2017-06-12,2953.22,341.16,33.23,,,,,,,,
1504,1504,2017-06-13,2680.91,395.69,29.49,,,,,,,,
1505,1505,2017-06-14,2716.88,397.59,30.74,,,,,,,,
1506,1506,2017-06-15,2499.58,358.51,30.22,,,,,,,,
1507,1507,2017-06-16,2469.57,361.18,30.28,,,,,,,,
1508,1508,2017-06-17,2514.01,369.88,36.18,,,,,,,,
1509,1509,2017-06-18,2655.35,379.52,47.44,,,,,,,,
1510,1510,2017-06-19,2549.03,371.86,46.16,,,,,,,,
1511,1511,2017-06-20,2591.26,370.33,50.41,,,,,,,,
1512,1512,2017-06-21,2709.43,359.54,47.3,,,,,,,,
1513,1513,2017-06-22,2691.03,337.73,47.72,,,,,,,,
1514,1514,2017-06-23,2707.34,336.49,47.75,,,,,,,,
1515,1515,2017-06-24,2738.52,341.63,47.25,,,,,,,,
1516,1516,2017-06-25,2607.25,323.47,44.49,,,,,,,,
1517,1517,2017-06-26,2590.57,302.95,44.04,,,,,,,,
1518,1518,2017-06-27,2478.45,272.69,41.13,,,,,,,,
1519,1519,2017-06-28,2553.03,293.04,40.82,,,,,,,,
1520,1520,2017-06-29,2567.56,328.37,42.83,,,,,,,,
1521,1521,2017-06-30,2539.24,303.15,41.04,,,,,,,,
1522,1522,2017-07-01,2492.6,293.35,40.4,,,,,,,,
1523,1523,2017-07-02,2436.4,275.12,38.95,,,,,,,,
1524,1524,2017-07-03,2498.56,288.41,41.48,,,,,,,,
1525,1525,2017-07-04,2561.0,282.19,46.56,,,,,,,,
1526,1526,2017-07-05,2602.87,273.1,55.27,,,,,,,,
1527,1527,2017-07-06,2608.1,268.86,53.2,,,,,,,,
1528,1528,2017-07-07,2608.59,270.35,51.1,,,,,,,,
1529,1529,2017-07-08,2520.27,245.89,46.64,,,,,,,,
1530,1530,2017-07-09,2572.61,251.82,52.36,,,,,,,,
1531,1531,2017-07-10,2525.25,243.01,49.91,,,,,,,,
1532,1532,2017-07-11,2385.89,211.53,46.27,,,,,,,,
1533,1533,2017-07-12,2332.77,197.15,45.26,,,,,,,,
1534,1534,2017-07-13,2402.7,231.81,48.72,,,,,,,,
1535,1535,2017-07-14,2360.59,209.53,46.36,,,,,,,,
1536,1536,2017-07-15,2230.12,199.71,42.81,,,,,,,,
1537,1537,2017-07-16,1991.98,169.57,38.92,,,,,,,,
1538,1538,2017-07-17,1932.62,159.99,41.19,,,,,,,,
1539,1539,2017-07-18,2233.52,195.03,42.62,,,,,,,,
1540,1540,2017-07-19,2323.08,234.94,44.35,,,,,,,,
1541,1541,2017-07-20,2269.89,205.42,40.96,,,,,,,,
1542,1542,2017-07-21,2838.41,226.06,45.07,,,,,,,,
1543,1543,2017-07-22,2668.63,217.86,45.77,,,,,,,,
1544,1544,2017-07-23,2808.1,229.12,46.63,,,,,,,,
1545,1545,2017-07-24,2732.7,226.28,44.16,,,,,,,,
1546,1546,2017-07-25,2757.5,224.37,44.48,,,,,,,,
1547,1547,2017-07-26,2577.77,207.09,42.29,,,,,,,,
1548,1548,2017-07-27,2538.71,204.86,42.35,,,,,,,,
1549,1549,2017-07-28,2679.73,204.32,42.22,,,,,,,,
1550,1550,2017-07-29,2807.02,193.34,40.56,,,,,,,,
1551,1551,2017-07-30,2724.39,206.74,41.18,,,,,,,,
1552,1552,2017-07-31,2763.24,197.41,40.34,,,,,,,,
1553,1553,2017-08-01,2871.3,204.69,43.02,,,,,,,,
1554,1554,2017-08-02,2727.13,227.01,43.07,,,,,,,,
1555,1555,2017-08-03,2709.56,220.18,42.19,,,,,,,,
1556,1556,2017-08-04,2806.93,225.31,42.89,,,,,,,,
1557,1557,2017-08-05,2897.63,222.85,43.49,,,,,,,,
1558,1558,2017-08-06,3257.61,256.42,46.84,,,,,,,,
1559,1559,2017-08-07,3212.78,261.24,45.17,,,,,,,,
1560,1560,2017-08-08,3370.22,269.1,45.9,,,,,,,,
1561,1561,2017-08-09,3420.4,297.63,48.59,,,,,,,,
1562,1562,2017-08-10,3341.84,296.96,48.05,,,,,,,,
1563,1563,2017-08-11,3373.82,294.5,46.4,,,,,,,,
1564,1564,2017-08-12,3650.63,308.71,47.05,,,,,,,,
1565,1565,2017-08-13,3880.04,310.37,46.57,,,,,,,,
1566,1566,2017-08-14,4066.1,298.03,45.83,,,,,,,,
1567,1567,2017-08-15,4326.99,299.95,45.81,,,,,,,,
1568,1568,2017-08-16,4200.34,289.82,43.37,,,,,,,,
1569,1569,2017-08-17,4384.44,302.81,44.18,,,,,,,,
1570,1570,2017-08-18,4324.34,301.7,43.9,,,,,,,,
1571,1571,2017-08-19,4137.75,296.18,47.05,,,,,,,,
1572,1572,2017-08-20,4189.31,296.64,45.38,,,,,,,,
1573,1573,2017-08-21,4090.48,300.48,46.19,,,,,,,,
1574,1574,2017-08-22,3998.35,321.06,47.9,,,,,,,,
1575,1575,2017-08-23,4089.01,315.27,46.71,,,,,,,,
1576,1576,2017-08-24,4137.6,317.45,52.82,,,,,,,,
1577,1577,2017-08-25,4332.82,326.11,50.17,,,,,,,,
1578,1578,2017-08-26,4372.06,331.99,51.17,,,,,,,,
1579,1579,2017-08-27,4345.1,334.36,51.8,,,,,,,,
1580,1580,2017-08-28,4384.45,350.04,61.36,,,,,,,,
1581,1581,2017-08-29,4389.21,347.96,62.39,,,,,,,,
1582,1582,2017-08-30,4570.36,369.47,63.16,,,,,,,,
1583,1583,2017-08-31,4555.59,378.44,64.16,,,,,,,,
1584,1584,2017-09-01,4701.76,383.47,70.86,,,,,,,,
1585,1585,2017-09-02,4901.42,387.82,85.83,,,,,,,,
1586,1586,2017-09-03,4585.27,350.23,78.98,,,,,,,,
1587,1587,2017-09-04,4591.63,347.13,76.73,,,,,,,,
1588,1588,2017-09-05,4228.29,297.57,65.25,,,,,,,,
1589,1589,2017-09-06,4376.59,313.8,71.78,,,,,,,,
1590,1590,2017-09-07,4589.14,333.52,79.88,,,,,,,,
1591,1591,2017-09-08,4605.16,329.64,78.45,,,,,,,,
1592,1592,2017-09-09,4229.81,296.17,67.21,,,,,,,,
1593,1593,2017-09-10,4229.34,294.06,65.8,,,,,,,,
1594,1594,2017-09-11,4122.47,289.75,61.65,,,,,,,,
1595,1595,2017-09-12,4168.88,294.63,66.24,,,,,,,,
1596,1596,2017-09-13,4131.98,291.12,64.32,,,,,,,,
1597,1597,2017-09-14,3875.37,276.59,61.64,,,,,,,,
1598,1598,2017-09-15,3166.3,215.22,41.69,,,,,,,,
1599,1599,2017-09-16,3637.75,250.87,48.13,,,,,,,,
1600,1600,2017-09-17,3606.28,245.85,48.23,,,,,,,,
1601,1601,2017-09-18,3591.09,252.23,48.53,,,,,,,,
1602,1602,2017-09-19,4073.79,293.66,55.68,,,,,,,,
1603,1603,2017-09-20,3916.36,282.01,52.74,,,,,,,,
1604,1604,2017-09-21,3901.47,283.26,51.66,,,,,,,,
1605,1605,2017-09-22,3628.02,258.11,46.65,,,,,,,,
1606,1606,2017-09-23,3629.92,264.6,48.16,,,,,,,,
1607,1607,2017-09-24,3796.15,286.21,49.25,,,,,,,,
1608,1608,2017-09-25,3681.58,282.22,47.62,,,,,,,,
1609,1609,2017-09-26,3928.41,292.35,51.69,,,,,,,,
1610,1610,2017-09-27,3892.94,287.02,51.58,,,,,,,,
1611,1611,2017-09-28,4197.13,306.47,56.21,,,,,,,,
1612,1612,2017-09-29,4171.62,299.12,54.11,,,,,,,,
1613,1613,2017-09-30,4166.11,291.48,52.63,,,,,,,,
1614,1614,2017-10-01,4341.05,301.55,55.14,,,,,,,,
1615,1615,2017-10-02,4395.81,302.48,54.55,,,,,,,,
1616,1616,2017-10-03,4408.46,297.48,53.39,,,,,,,,
1617,1617,2017-10-04,4319.37,292.75,52.28,,,,,,,,
1618,1618,2017-10-05,4229.88,292.77,51.4,,,,,,,,
1619,1619,2017-10-06,4324.46,295.15,51.64,,,,,,,,
1620,1620,2017-10-07,4369.35,308.89,52.14,,,,,,,,
1621,1621,2017-10-08,4429.67,311.06,52.49,,,,,,,,
1622,1622,2017-10-09,4614.52,308.67,53.08,,,,,,,,
1623,1623,2017-10-10,4776.21,297.6,50.15,,,,,,,,
1624,1624,2017-10-11,4789.25,301.18,50.75,,,,,,,,
1625,1625,2017-10-12,4829.58,303.5,50.89,,,,,,,,
1626,1626,2017-10-13,5464.16,304.08,60.55,,,,,,,,
1627,1627,2017-10-14,5643.53,338.85,59.41,,,,,,,,
1628,1628,2017-10-15,5835.96,339.53,64.13,,,,,,,,
1629,1629,2017-10-16,5687.57,336.71,65.72,,,,,,,,
1630,1630,2017-10-17,5741.58,333.48,64.67,,,,,,,,
1631,1631,2017-10-18,5603.82,316.94,59.59,,,,,,,,
1632,1632,2017-10-19,5583.74,314.54,60.82,,,,,,,,
1633,1633,2017-10-20,5708.11,308.05,59.81,,,,,,,,
1634,1634,2017-10-21,5996.79,303.57,60.3,,,,,,,,
1635,1635,2017-10-22,6036.66,300.55,58.27,,,,,,,,
1636,1636,2017-10-23,6006.0,295.1,56.77,,,,,,,,
1637,1637,2017-10-24,5935.52,287.12,54.96,,,,,,,,
1638,1638,2017-10-25,5524.6,298.44,55.95,,,,,,,,
1639,1639,2017-10-26,5747.95,298.02,56.47,,,,,,,,
1640,1640,2017-10-27,5899.74,296.51,55.67,,,,,,,,
1641,1641,2017-10-28,5787.82,297.92,55.38,,,,,,,,
1642,1642,2017-10-29,5754.44,296.38,54.67,,,,,,,,
1643,1643,2017-10-30,6114.85,304.78,56.84,,,,,,,,
1644,1644,2017-10-31,6132.02,307.38,56.37,,,,,,,,
1645,1645,2017-11-01,6440.97,305.76,55.74,,,,,,,,
1646,1646,2017-11-02,6777.77,290.73,53.56,,,,,,,,
1647,1647,2017-11-03,7087.53,288.5,54.58,,,,,,,,
1648,1648,2017-11-04,7164.48,305.48,56.22,,,,,,,,
1649,1649,2017-11-05,7404.52,300.04,55.03,,,,,,,,
1650,1650,2017-11-06,7403.22,296.43,54.76,,,,,,,,
1651,1651,2017-11-07,7023.1,298.57,54.99,,,,,,,,
1652,1652,2017-11-08,7141.38,294.27,61.11,,,,,,,,
1653,1653,2017-11-09,7446.83,308.64,62.49,,,,,,,,
1654,1654,2017-11-10,7173.73,320.67,64.44,,,,,,,,
1655,1655,2017-11-11,6618.61,298.59,59.35,,,,,,,,
1656,1656,2017-11-12,6295.45,314.69,62.31,,,,,,,,
1657,1657,2017-11-13,5938.25,307.02,59.18,,,,,,,,
1658,1658,2017-11-14,6561.48,316.76,61.64,,,,,,,,
1659,1659,2017-11-15,6634.76,337.96,62.78,,,,,,,,
1660,1660,2017-11-16,7323.24,333.44,63.81,,,,,,,,
1661,1661,2017-11-17,7853.57,330.17,70.45,,,,,,,,
1662,1662,2017-11-18,7697.21,331.98,67.41,,,,,,,,
1663,1663,2017-11-19,7766.03,347.4,69.51,,,,,,,,
1664,1664,2017-11-20,8039.07,354.09,71.41,,,,,,,,
1665,1665,2017-11-21,8205.74,367.44,72.2,,,,,,,,
1666,1666,2017-11-22,8077.95,360.31,70.18,,,,,,,,
1667,1667,2017-11-23,8232.38,381.44,71.98,,,,,,,,
1668,1668,2017-11-24,8074.02,412.5,73.14,,,,,,,,
1669,1669,2017-11-25,8241.71,475.68,77.91,,,,,,,,
1670,1670,2017-11-26,8789.04,465.97,88.94,,,,,,,,
1671,1671,2017-11-27,9352.72,471.53,85.89,,,,,,,,
1672,1672,2017-11-28,9823.43,480.52,91.72,,,,,,,,
1673,1673,2017-11-29,10077.4,473.28,96.01,,,,,,,,
1674,1674,2017-11-30,9906.79,431.21,86.25,,,,,,,,
1675,1675,2017-12-01,10198.6,445.21,88.0,,,,,,,,
1676,1676,2017-12-02,10978.3,466.85,98.94,,,,,,,,
1677,1677,2017-12-03,11082.7,463.7,100.19,,,,,,,,
1678,1678,2017-12-04,11315.4,466.05,101.4,,,,,,,,
1679,1679,2017-12-05,11685.7,470.29,104.28,,,,,,,,
1680,1680,2017-12-06,11923.4,462.6,102.48,,,,,,,,
1681,1681,2017-12-07,14266.1,426.37,99.98,,,,,,,,
1682,1682,2017-12-08,17802.9,434.99,98.33,,,,,,,,
1683,1683,2017-12-09,16523.3,457.34,127.48,,,,,,,,
1684,1684,2017-12-10,15168.4,472.79,155.63,,,,,,,,
1685,1685,2017-12-11,15427.4,440.36,148.26,,,,,,,,
1686,1686,2017-12-12,16919.8,522.29,212.46,,,,,,,,
1687,1687,2017-12-13,17500.0,644.91,315.36,,,,,,,,
1688,1688,2017-12-14,16384.6,700.59,301.2,,,,,,,,
1689,1689,2017-12-15,16601.3,696.38,280.97,,,,,,,,
1690,1690,2017-12-16,17760.3,686.19,299.34,,,,,,,,
1691,1691,2017-12-17,19475.8,696.24,301.78,,,,,,,,
1692,1692,2017-12-18,19106.4,721.73,318.95,,,,,,,,
1693,1693,2017-12-19,19118.3,793.9,359.13,,,,,,,,
1694,1694,2017-12-20,17760.3,827.52,349.6,,,,,,,,
1695,1695,2017-12-21,16642.4,820.24,314.66,,,,,,,,
1696,1696,2017-12-22,15898.0,822.64,319.26,,,,,,,,
1697,1697,2017-12-23,13948.7,681.32,269.27,,,,,,,,
1698,1698,2017-12-24,14608.2,721.77,291.01,,,,,,,,
1699,1699,2017-12-25,13995.9,698.87,277.49,,,,,,,,
1700,1700,2017-12-26,14036.6,763.37,273.11,,,,,,,,
1701,1701,2017-12-27,16163.5,774.97,286.59,,,,,,,,
1702,1702,2017-12-28,15864.1,762.21,272.13,,,,,,,,
1703,1703,2017-12-29,14695.8,740.39,250.35,,,,,,,,
1704,1704,2017-12-30,14681.9,753.82,245.09,,,,,,,,
1705,1705,2017-12-31,12897.7,712.21,216.97,,,,,,,,
1706,1706,2018-01-01,14112.2,755.76,231.67,,,,,,,,
1707,1707,2018-01-02,13625.0,772.35,228.99,,,,,,,,
1708,1708,2018-01-03,14978.2,886.0,255.69,,,,,,,,
1709,1709,2018-01-04,15270.7,961.71,245.47,,,,,,,,
1710,1710,2018-01-05,15477.2,975.75,241.03,,,,,,,,
1711,1711,2018-01-06,17462.1,995.15,249.77,,,,,,,,
1712,1712,2018-01-07,17527.3,1043.01,296.05,,,,,,,,
1713,1713,2018-01-08,16476.2,1158.26,287.73,,,,,,,,
1714,1714,2018-01-09,15123.7,1146.0,254.61,,,,,,,,
1715,1715,2018-01-10,14588.5,1300.34,248.07,,,,,,,,
1716,1716,2018-01-11,14968.2,1268.09,251.52,,,,,,,,
1717,1717,2018-01-12,13453.9,1158.29,229.79,,,,,,,,
1718,1718,2018-01-13,13952.4,1270.47,236.88,,,,,,,,
1719,1719,2018-01-14,14370.8,1397.48,260.58,,,,,,,,
1720,1720,2018-01-15,13767.3,1365.21,237.29,,,,,,,,
1721,1721,2018-01-16,13836.1,1292.63,232.82,,,,,,,,
1722,1722,2018-01-17,11431.1,1061.34,190.15,,,,,,,,
1723,1723,2018-01-18,11198.8,1016.44,186.95,,,,,,,,
1724,1724,2018-01-19,11429.8,1028.82,191.19,,,,,,,,
1725,1725,2018-01-20,11656.2,1044.95,194.38,,,,,,,,
1726,1726,2018-01-21,12889.2,1155.68,211.24,,,,,,,,
1727,1727,2018-01-22,11633.1,1055.35,191.79,,,,,,,,
1728,1728,2018-01-23,10944.5,1004.17,180.28,,,,,,,,
1729,1729,2018-01-24,10903.4,987.48,178.43,,,,,,,,
1730,1730,2018-01-25,11421.7,1063.22,181.56,,,,,,,,
1731,1731,2018-01-26,11256.0,1052.7,179.82,,,,,,,,
1732,1732,2018-01-27,11174.9,1055.75,176.66,,,,,,,,
1733,1733,2018-01-28,11475.3,1111.78,181.42,,,,,,,,
1734,1734,2018-01-29,11755.5,1246.7,193.75,,,,,,,,
1735,1735,2018-01-30,11306.8,1184.13,181.44,,,,,,,,
1736,1736,2018-01-31,10108.2,1071.09,165.3,,,,,,,,
1737,1737,2018-02-01,10237.3,1119.37,163.68,,,,,,,,
1738,1738,2018-02-02,9142.28,1035.77,142.56,,,,,,,,
1739,1739,2018-02-03,8852.12,919.21,131.4,,,,,,,,
1740,1740,2018-02-04,9175.7,964.67,160.38,,,,,,,,
1741,1741,2018-02-05,8270.54,834.96,148.73,,,,,,,,
1742,1742,2018-02-06,7051.75,707.74,127.52,,,,,,,,
1743,1743,2018-02-07,7755.49,790.43,142.48,,,,,,,,
1744,1744,2018-02-08,7637.86,755.84,138.34,,,,,,,,
1745,1745,2018-02-09,8271.84,818.48,149.73,,,,,,,,
1746,1746,2018-02-10,8720.08,882.47,163.49,,,,,,,,
1747,1747,2018-02-11,8616.13,859.29,155.39,,,,,,,,
1748,1748,2018-02-12,8141.43,817.51,150.1,,,,,,,,
1749,1749,2018-02-13,8926.72,869.29,161.78,,,,,,,,
1750,1750,2018-02-14,8599.92,844.28,159.58,,,,,,,,
1751,1751,2018-02-15,9488.32,923.73,212.35,,,,,,,,
1752,1752,2018-02-16,10135.7,934.79,225.5,,,,,,,,
1753,1753,2018-02-17,10207.5,944.75,229.5,,,,,,,,
1754,1754,2018-02-18,11123.4,973.35,230.51,,,,,,,,
1755,1755,2018-02-19,10552.6,921.67,215.41,,,,,,,,
1756,1756,2018-02-20,11231.8,943.57,223.09,,,,,,,,
