,date,btc_price,eth_price,ltc_price,name,total,price,open,high,low,vol,change
0,8/10/15,265.48,0.713989,3.9,,,,,,,,
1,8/11/15,264.34,0.708087,3.95,6276.0,2664787.0,,,,,,
2,8/12/15,270.6,1.06,4.14,6280.0,2671067.0,,,,,,
3,8/13/15,266.18,1.22,3.97,6285.0,2677352.0,,,,,,
4,8/14/15,264.13,1.81,3.88,6287.0,2683639.0,,,,,,
5,8/15/15,265.53,1.8,4.02,6292.0,2689931.0,,,,,,
6,8/16/15,261.87,1.68,3.93,6295.0,2696226.0,,,,,,
7,8/17/15,258.49,1.58,3.96,,,,,,,,
8,8/18/15,257.93,1.22,3.98,6301.0,2702527.0,,,,,,
9,8/19/15,225.67,1.17,3.48,6311.0,2708838.0,,,,,,
10,8/20/15,226.9,1.25,3.47,6312.0,2715150.0,,,,,,
11,8/21/15,235.35,1.48,3.6,6314.0,2721464.0,,,,,,
12,8/22/15,232.66,1.4,3.56,6316.0,2727780.0,,,,,,
13,8/23/15,230.38,1.38,3.51,6323.0,2734103.0,,,,,,
14,8/24/15,228.11,1.35,3.39,6333.0,2740436.0,,,,,,
15,8/25/15,210.07,1.23,2.98,6337.0,2746773.0,,,,,,
16,8/26/15,222.08,1.13,2.95,6343.0,2753116.0,,,,,,
17,8/27/15,226.05,1.17,2.95,6349.0,2759465.0,,,,,,
18,8/28/15,224.7,1.15,2.84,6354.0,2765819.0,,,,,,
19,8/29/15,231.55,1.19,2.92,6355.0,2772174.0,,,,,,
20,8/30/15,229.9,1.18,2.87,6361.0,2778535.0,,,,,,
21,8/31/15,229.11,1.32,2.85,6369.0,2784904.0,,,,,,
22,9/1/15,230.26,1.35,2.85,6380.0,2791284.0,,,,,,
23,9/2/15,228.03,1.35,2.82,6391.0,2797675.0,,,,,,
24,9/3/15,229.32,1.3,2.8,6395.0,2804070.0,,,,,,
25,9/4/15,227.22,1.26,2.64,6396.0,2810466.0,,,,,,
26,9/5/15,230.2,1.28,2.7,6399.0,2816865.0,,,,,,
27,9/6/15,234.87,1.34,2.92,6401.0,2823266.0,,,,,,
28,9/7/15,239.93,1.3,3.04,6404.0,2829670.0,,,,,,
29,9/8/15,239.85,1.25,3.05,6411.0,2836081.0,,,,,,
30,9/9/15,243.41,1.24,3.05,6422.0,2842503.0,,,,,,
31,9/10/15,238.34,1.21,2.92,6431.0,2848934.0,,,,,,
32,9/11/15,238.33,1.16,2.95,6434.0,2855368.0,,,,,,
33,9/12/15,239.85,0.9872280000000001,2.96,6436.0,2861804.0,,,,,,
34,9/13/15,235.24,1.04,2.82,6437.0,2868241.0,,,,,,
35,9/14/15,230.61,0.940566,2.81,6442.0,2874683.0,,,,,,
36,9/15/15,230.49,0.875189,2.84,6450.0,2881133.0,,,,,,
37,9/16/15,230.25,0.9419770000000001,2.83,6465.0,2887598.0,,,,,,
38,9/17/15,229.08,0.9068649999999999,2.81,6468.0,2894066.0,,,,,,
39,9/18/15,233.52,0.874574,2.91,6474.0,2900540.0,,,,,,
40,9/19/15,232.86,0.8496030000000001,2.95,6475.0,2907015.0,,,,,,
41,9/20/15,231.4,0.881191,2.88,6476.0,2913491.0,,,,,,
42,9/21/15,231.22,0.9414959999999999,2.85,6477.0,2919968.0,,,,,,
43,9/22/15,226.97,0.9193370000000001,2.8,6482.0,2926450.0,,,,,,
44,9/23/15,230.94,0.90356,2.86,6484.0,2932934.0,,,,,,
45,9/24/15,230.36,0.8967959999999999,2.87,6492.0,2939426.0,,,,,,
46,9/25/15,234.36,0.820031,2.93,6493.0,2945919.0,,,,,,
47,9/26/15,235.08,0.73763,2.89,6494.0,2952413.0,,,,,,
48,9/27/15,234.14,0.791277,2.89,6497.0,2958910.0,,,,,,
49,9/28/15,232.84,0.723715,2.88,6498.0,2965408.0,,,,,,
50,9/29/15,239.02,0.579414,3.1,6502.0,2971910.0,,,,,,
51,9/30/15,236.64,0.661192,2.97,6507.0,2978417.0,,,,,,
52,10/1/15,236.0,0.7343069999999999,3.01,6509.0,2984926.0,,,,,,
53,10/2/15,237.26,0.683732,3.0,6512.0,2991438.0,,,,,,
54,10/3/15,237.2,0.678783,3.0,6516.0,2997954.0,,,,,,
55,10/4/15,238.53,0.686343,3.03,,,,,,,,
56,10/5/15,238.15,0.666784,3.02,6517.0,3004471.0,,,,,,
57,10/6/15,240.36,0.622218,3.02,6518.0,3010989.0,,,,,,
58,10/7/15,246.17,0.650515,3.15,6520.0,3017509.0,,,,,,
59,10/8/15,243.07,0.6095010000000001,3.06,6529.0,3024038.0,,,,,,
60,10/9/15,242.5,0.655084,3.07,6541.0,3030579.0,,,,,,
61,10/10/15,243.74,0.641187,3.11,6542.0,3037121.0,,,,,,
62,10/11/15,244.74,0.6274609999999999,3.11,,,,,,,,
63,10/12/15,246.88,0.6345149999999999,3.15,,,,,,,,
64,10/13/15,245.2,0.627943,3.14,6547.0,3043668.0,,,,,,
65,10/14/15,249.49,0.61224,3.18,6548.0,3050216.0,,,,,,
66,10/15/15,252.11,0.523278,3.15,6555.0,3056771.0,,,,,,
67,10/16/15,254.3,0.562593,3.11,6561.0,3063332.0,,,,,,
68,10/17/15,262.75,0.534117,3.11,6564.0,3069896.0,,,,,,
69,10/18/15,270.91,0.547913,3.07,,,,,,,,
70,10/19/15,261.86,0.517621,3.03,6567.0,3076463.0,,,,,,
71,10/20/15,263.57,0.489629,3.05,6569.0,3083032.0,,,,,,
72,10/21/15,269.31,0.43158900000000006,3.09,,,,,,,,
73,10/22/15,266.5,0.444988,3.08,6571.0,3089603.0,,,,,,
74,10/23/15,273.65,0.5663699999999999,3.12,6572.0,3096175.0,,,,,,
75,10/24/15,276.5,0.5396810000000001,3.11,6574.0,3102749.0,,,,,,
76,10/25/15,281.44,0.563207,3.11,,,,,,,,
77,10/26/15,283.63,0.619743,3.07,,,,,,,,
78,10/27/15,285.18,0.7088899999999999,3.11,6580.0,3109329.0,,,,,,
79,10/28/15,293.7,0.8709379999999999,3.1,6589.0,3115918.0,,,,,,
80,10/29/15,304.32,1.01,3.1,6590.0,3122508.0,,,,,,
81,10/30/15,313.94,1.21,3.77,6594.0,3129102.0,,,,,,
82,10/31/15,328.51,1.05,4.08,6595.0,3135697.0,,,,,,
83,11/1/15,315.0,0.920847,3.82,,,,,,,,
84,11/2/15,325.94,1.06,3.98,6597.0,3142294.0,,,,,,
85,11/3/15,361.87,0.994568,4.17,6602.0,3148896.0,,,,,,
86,11/4/15,403.66,1.01,4.58,6605.0,3155501.0,,,,,,
87,11/5/15,408.08,0.900699,4.2,6615.0,3162116.0,,,,,,
88,11/6/15,388.05,0.9047719999999999,3.95,6619.0,3168735.0,,,,,,
89,11/7/15,374.27,0.923732,3.55,6627.0,3175362.0,,,,,,
90,11/8/15,384.28,0.9156610000000001,3.62,6632.0,3181994.0,,,,,,
91,11/9/15,374.32,1.03,3.43,6634.0,3188628.0,,,,,,
92,11/10/15,379.98,1.0,3.4,6638.0,3195266.0,,,,,,
93,11/11/15,339.82,0.9412959999999999,3.12,6643.0,3201909.0,,,,,,
94,11/12/15,314.08,0.796455,2.97,6648.0,3208557.0,,,,,,
95,11/13/15,338.5,0.9077219999999999,3.27,6652.0,3215209.0,,,,,,
96,11/14/15,336.62,0.9054690000000001,3.22,6655.0,3221864.0,,,,,,
97,11/15/15,333.05,0.891217,3.2,,,,,,,,
98,11/16/15,319.74,0.906166,3.07,6662.0,3228526.0,,,,,,
99,11/17/15,330.36,0.924948,3.19,6674.0,3235200.0,,,,,,
100,11/18/15,334.59,0.9932139999999999,3.2,,,,,,,,
101,11/19/15,334.68,0.988713,3.19,6682.0,3241882.0,,,,,,
102,11/20/15,326.41,0.955735,3.14,,,,,,,,
103,11/21/15,322.09,0.928758,3.12,6691.0,3248573.0,,,,,,
104,11/22/15,326.98,0.979765,3.16,6693.0,3255266.0,,,,,,
105,11/23/15,324.35,0.967493,3.14,6695.0,3261961.0,,,,,,
106,11/24/15,323.01,0.946442,3.13,6699.0,3268660.0,,,,,,
107,11/25/15,320.05,0.893827,3.11,6701.0,3275361.0,,,,,,
108,11/26/15,328.3,0.863273,3.35,6703.0,3282064.0,,,,,,
109,11/27/15,351.86,0.8821,3.6,6704.0,3288768.0,,,,,,
110,11/28/15,357.14,0.868102,3.58,6706.0,3295474.0,,,,,,
111,11/29/15,357.47,0.9141440000000001,3.53,6708.0,3302182.0,,,,,,
112,11/30/15,371.44,0.879951,3.66,6709.0,3308891.0,,,,,,
113,12/1/15,377.41,0.878316,3.63,6711.0,3315602.0,,,,,,
114,12/2/15,361.85,0.8731709999999999,3.43,6712.0,3322314.0,,,,,,
115,12/3/15,359.33,0.818546,3.35,6713.0,3329027.0,,,,,,
116,12/4/15,361.26,0.812082,3.38,6715.0,3335742.0,,,,,,
117,12/5/15,363.72,0.841195,3.37,6717.0,3342459.0,,,,,,
118,12/6/15,389.56,0.866417,3.53,6718.0,3349177.0,,,,,,
119,12/7/15,389.98,0.8363219999999999,3.45,6721.0,3355898.0,,,,,,
120,12/8/15,395.75,0.806024,3.65,6724.0,3362622.0,,,,,,
121,12/9/15,414.44,0.8244540000000001,3.68,6728.0,3369350.0,,,,,,
122,12/10/15,417.99,0.7955899999999999,3.67,6729.0,3376079.0,,,,,,
123,12/11/15,415.28,0.839995,3.67,6732.0,3382811.0,,,,,,
124,12/12/15,452.33,0.9311959999999999,3.84,6734.0,3389545.0,,,,,,
125,12/13/15,431.66,0.9715379999999999,3.6,6741.0,3396286.0,,,,,,
126,12/14/15,433.27,0.95662,3.64,6744.0,3403030.0,,,,,,
127,12/15/15,443.88,0.9905889999999999,3.62,6745.0,3409775.0,,,,,,
128,12/16/15,465.21,1.02,3.84,6748.0,3416523.0,,,,,,
129,12/17/15,454.78,0.993043,3.7,6749.0,3423272.0,,,,,,
130,12/18/15,455.85,0.938327,3.75,6752.0,3430024.0,,,,,,
131,12/19/15,463.55,0.921524,3.77,6753.0,3436777.0,,,,,,
132,12/20/15,462.23,0.9082399999999999,3.74,,,,,,,,
133,12/21/15,442.84,0.906065,3.55,,,,,,,,
134,12/22/15,437.44,0.8949729999999999,3.46,,,,,,,,
135,12/23/15,436.72,0.8617819999999999,3.43,6754.0,3443531.0,,,,,,
136,12/24/15,443.09,0.859433,3.59,6756.0,3450287.0,,,,,,
137,12/25/15,454.86,0.861993,3.65,,,,,,,,
138,12/26/15,455.76,0.870766,3.64,6757.0,3457044.0,,,,,,
139,12/27/15,416.51,0.853166,3.42,,,,,,,,
140,12/28/15,423.34,0.8563559999999999,3.48,6758.0,3463802.0,,,,,,
141,12/29/15,422.1,0.843835,3.47,,,,,,,,
142,12/30/15,433.3,0.874258,3.51,,,,,,,,
143,12/31/15,425.88,0.912098,3.46,6759.0,3470561.0,,,,,,
144,1/1/16,430.72,0.9337120000000001,3.48,6760.0,3477321.0,,,,,,
145,1/2/16,434.62,0.947401,3.52,6763.0,3484084.0,,,,,,
146,1/3/16,433.58,0.9384299999999999,3.5,6764.0,3490848.0,,,,,,
147,1/4/16,430.06,0.972045,3.48,6766.0,3497614.0,,,,,,
148,1/5/16,433.07,0.953147,3.49,6767.0,3504381.0,,,,,,
149,1/6/16,431.86,0.9500280000000001,3.47,6769.0,3511150.0,,,,,,
150,1/7/16,430.01,0.955801,3.45,6771.0,3517921.0,,,,,,
151,1/8/16,457.54,0.942752,3.6,6772.0,3524693.0,,,,,,
152,1/9/16,453.38,0.9855010000000001,3.57,6773.0,3531466.0,,,,,,
153,1/10/16,448.24,0.985557,3.56,6774.0,3538240.0,,,,,,
154,1/11/16,448.7,0.999216,3.53,6779.0,3545019.0,,,,,,
155,1/12/16,448.18,1.07,3.55,,,,,,,,
156,1/13/16,434.67,1.14,3.49,6781.0,3551800.0,,,,,,
157,1/14/16,432.29,1.12,3.47,6782.0,3558582.0,,,,,,
158,1/15/16,430.25,1.18,3.46,6783.0,3565365.0,,,,,,
159,1/16/16,365.07,1.22,2.97,6784.0,3572149.0,,,,,,
160,1/17/16,387.15,1.22,3.09,6786.0,3578935.0,,,,,,
161,1/18/16,381.73,1.33,3.02,,,,,,,,
162,1/19/16,387.03,1.42,3.05,6787.0,3585722.0,,,,,,
163,1/20/16,379.74,1.36,3.01,6792.0,3592514.0,,,,,,
164,1/21/16,419.63,1.53,3.38,6799.0,3599313.0,,,,,,
165,1/22/16,409.75,1.55,3.23,6801.0,3606114.0,,,,,,
166,1/23/16,382.43,1.5,3.08,,,,,,,,
167,1/24/16,388.1,1.9,3.11,6803.0,3612917.0,,,,,,
168,1/25/16,402.32,2.15,3.19,,,,,,,,
169,1/26/16,392.0,2.53,3.13,6807.0,3619724.0,,,,,,
170,1/27/16,392.44,2.25,3.16,6812.0,3626536.0,,,,,,
171,1/28/16,395.15,2.41,3.29,6814.0,3633350.0,,,,,,
172,1/29/16,380.11,2.54,3.14,,,,,,,,
173,1/30/16,378.87,2.51,3.12,,,,,,,,
174,1/31/16,378.29,2.44,3.1,6815.0,3640165.0,,,,,,
175,2/1/16,369.35,2.32,3.07,6821.0,3646986.0,,,,,,
176,2/2/16,372.92,2.22,3.09,6826.0,3653812.0,,,,,,
177,2/3/16,374.65,2.43,3.09,6829.0,3660641.0,,,,,,
178,2/4/16,370.17,2.53,3.06,6833.0,3667474.0,,,,,,
179,2/5/16,388.9,2.57,3.17,6834.0,3674308.0,,,,,,
180,2/6/16,386.59,2.53,3.15,,,,,,,,
181,2/7/16,376.51,2.54,3.11,,,,,,,,
182,2/8/16,376.76,2.97,3.09,6836.0,3681144.0,,,,,,
183,2/9/16,373.42,3.17,3.08,6838.0,3687982.0,,,,,,
184,2/10/16,376.15,4.0,3.09,,,,,,,,
185,2/11/16,382.11,4.5,3.11,6840.0,3694822.0,,,,,,
186,2/12/16,379.69,5.95,3.09,6842.0,3701664.0,,,,,,
187,2/13/16,384.64,5.69,3.12,6843.0,3708507.0,,,,,,
188,2/14/16,392.93,5.4,3.15,6845.0,3715352.0,,,,,,
189,2/15/16,407.57,5.33,3.23,6846.0,3722198.0,,,,,,
190,2/16/16,401.43,5.33,3.2,6849.0,3729047.0,,,,,,
191,2/17/16,407.66,4.29,3.23,6851.0,3735898.0,,,,,,
192,2/18/16,416.57,3.77,3.25,6854.0,3742752.0,,,,,,
193,2/19/16,422.73,4.38,3.26,6857.0,3749609.0,,,,,,
194,2/20/16,421.6,4.68,3.27,6858.0,3756467.0,,,,,,
195,2/21/16,437.77,4.36,3.46,6859.0,3763326.0,,,,,,
196,2/22/16,438.99,4.66,3.47,,,,,,,,
197,2/23/16,438.25,5.68,3.49,6860.0,3770186.0,,,,,,
198,2/24/16,420.96,5.6,3.4,6862.0,3777048.0,,,,,,
199,2/25/16,425.04,6.19,3.39,6866.0,3783914.0,,,,,,
200,2/26/16,424.63,6.04,3.37,,,,,,,,
201,2/27/16,432.84,5.96,3.43,,,,,,,,
202,2/28/16,432.57,6.41,3.41,6868.0,3790782.0,,,,,,
203,2/29/16,433.44,6.46,3.44,6871.0,3797653.0,,,,,,
204,3/1/16,437.92,6.32,3.45,6879.0,3804532.0,,,,,,
205,3/2/16,435.13,7.63,3.43,6883.0,3811415.0,,,,,,
206,3/3/16,423.91,8.44,3.36,6888.0,3818303.0,,,,,,
207,3/4/16,421.84,9.24,3.32,6890.0,3825193.0,,,,,,
208,3/5/16,410.78,10.37,3.25,6891.0,3832084.0,,,,,,
209,3/6/16,400.52,11.2,3.19,,,,,,,,
210,3/7/16,407.76,11.43,3.22,,,,,,,,
211,3/8/16,414.46,9.58,3.27,6892.0,3838976.0,,,,,,
212,3/9/16,413.89,9.79,3.25,6895.0,3845871.0,,,,,,
213,3/10/16,414.74,11.88,3.28,6897.0,3852768.0,,,,,,
214,3/11/16,417.24,11.22,3.29,6899.0,3859667.0,,,,,,
215,3/12/16,421.61,11.13,3.39,6900.0,3866567.0,,,,,,
216,3/13/16,411.65,13.51,3.29,,,,,,,,
217,3/14/16,414.2,14.51,3.31,,,,,,,,
218,3/15/16,416.39,13.0,3.3,6903.0,3873470.0,,,,,,
219,3/16/16,416.89,13.02,3.31,6905.0,3880375.0,,,,,,
220,3/17/16,417.89,12.56,3.31,6907.0,3887282.0,,,,,,
221,3/18/16,420.55,11.11,3.31,6908.0,3894190.0,,,,,,
222,3/19/16,409.26,11.2,3.17,6909.0,3901099.0,,,,,,
223,3/20/16,410.4,10.52,3.18,6912.0,3908011.0,,,,,,
224,3/21/16,413.42,10.3,3.21,,,,,,,,
225,3/22/16,413.13,11.88,3.2,6913.0,3914924.0,,,,,,
226,3/23/16,418.16,11.33,3.23,6917.0,3921841.0,,,,,,
227,3/24/16,418.42,12.44,3.25,6920.0,3928761.0,,,,,,
228,3/25/16,416.51,11.26,3.23,6921.0,3935682.0,,,,,,
229,3/26/16,417.37,10.77,3.23,6922.0,3942604.0,,,,,,
230,3/27/16,418.14,10.99,3.23,,,,,,,,
231,3/28/16,426.55,10.43,3.3,,,,,,,,
232,3/29/16,424.3,11.75,3.26,6923.0,3949527.0,,,,,,
233,3/30/16,416.83,11.61,3.23,6926.0,3956453.0,,,,,,
234,3/31/16,415.26,11.92,3.23,6928.0,3963381.0,,,,,,
235,4/1/16,416.76,11.4,3.25,6930.0,3970311.0,,,,,,
236,4/2/16,418.42,11.63,3.25,6932.0,3977243.0,,,,,,
237,4/3/16,421.17,11.63,3.26,6934.0,3984177.0,,,,,,
238,4/4/16,421.3,11.62,3.26,6936.0,3991113.0,,,,,,
239,4/5/16,421.02,11.21,3.25,6937.0,3998050.0,,,,,,
240,4/6/16,424.28,10.45,3.26,6938.0,4004988.0,,,,,,
241,4/7/16,423.62,10.7,3.26,6939.0,4011927.0,,,,,,
242,4/8/16,422.91,10.08,3.24,6940.0,4018867.0,,,,,,
243,4/9/16,420.81,9.69,3.22,,,,,,,,
244,4/10/16,419.59,9.15,3.22,6942.0,4025809.0,,,,,,
245,4/11/16,421.87,8.94,3.23,6945.0,4032754.0,,,,,,
246,4/12/16,422.84,8.64,3.24,,,,,,,,
247,4/13/16,425.63,7.44,3.26,6949.0,4039703.0,,,,,,
248,4/14/16,423.94,8.08,3.25,6954.0,4046657.0,,,,,,
249,4/15/16,424.43,8.39,3.24,6955.0,4053612.0,,,,,,
250,4/16/16,429.57,8.24,3.28,,,,,,,,
251,4/17/16,430.64,8.62,3.28,,,,,,,,
252,4/18/16,427.61,9.33,3.26,6961.0,4060573.0,,,,,,
253,4/19/16,428.7,9.08,3.25,6967.0,4067540.0,,,,,,
254,4/20/16,435.32,8.69,3.29,6970.0,4074510.0,,,,,,
255,4/21/16,441.42,8.45,3.28,6972.0,4081482.0,,,,,,
256,4/22/16,449.69,8.15,3.35,6975.0,4088457.0,,,,,,
257,4/23/16,445.86,7.79,3.32,6978.0,4095435.0,,,,,,
258,4/24/16,450.56,8.29,3.35,6981.0,4102416.0,,,,,,
259,4/25/16,459.12,8.01,3.62,6984.0,4109400.0,,,,,,
260,4/26/16,461.65,7.53,3.8,6987.0,4116387.0,,,,,,
261,4/27/16,466.26,7.39,4.05,6990.0,4123377.0,,,,,,
262,4/28/16,445.04,7.74,3.88,6991.0,4130368.0,,,,,,
263,4/29/16,449.41,7.21,3.79,6992.0,4137360.0,,,,,,
264,4/30/16,455.18,7.45,3.81,6994.0,4144354.0,,,,,,
265,5/1/16,448.48,8.78,3.66,,,,,,,,
266,5/2/16,451.93,8.89,3.71,6999.0,4151353.0,,,,,,
267,5/3/16,444.73,10.17,3.68,7000.0,4158353.0,,,,,,
268,5/4/16,450.18,9.38,3.74,7006.0,4165359.0,,,,,,
269,5/5/16,446.71,9.4,3.74,7007.0,4172366.0,,,,,,
270,5/6/16,447.94,9.81,3.72,7008.0,4179374.0,,,,,,
271,5/7/16,459.64,9.32,3.82,7010.0,4186384.0,,,,,,
272,5/8/16,458.43,9.37,3.94,7014.0,4193398.0,,,,,,
273,5/9/16,458.21,9.49,3.94,7016.0,4200414.0,,,,,,
274,5/10/16,460.52,9.28,4.06,,,,,,,,
275,5/11/16,450.86,9.43,3.82,7019.0,4207433.0,,,,,,
276,5/12/16,452.45,10.0,3.88,7023.0,4214456.0,,,,,,
277,5/13/16,454.85,10.06,3.86,7029.0,4221485.0,,,,,,
278,5/14/16,455.82,10.51,3.93,7033.0,4228518.0,,,,,,
279,5/15/16,455.76,10.24,4.01,,,,,,,,
280,5/16/16,457.59,9.97,4.06,7037.0,4235555.0,,,,,,
281,5/17/16,454.01,11.19,4.0,7039.0,4242594.0,,,,,,
282,5/18/16,453.69,12.18,3.98,7045.0,4249639.0,,,,,,
283,5/19/16,454.52,13.54,4.0,7048.0,4256687.0,,,,,,
284,5/20/16,437.79,14.85,3.82,7053.0,4263740.0,,,,,,
285,5/21/16,442.97,13.69,3.88,7054.0,4270794.0,,,,,,
286,5/22/16,443.22,14.04,3.96,7055.0,4277849.0,,,,,,
287,5/23/16,439.35,14.28,3.92,7057.0,4284906.0,,,,,,
288,5/24/16,444.29,13.31,3.96,7066.0,4291972.0,,,,,,
289,5/25/16,446.06,12.79,3.95,7071.0,4299043.0,,,,,,
290,5/26/16,449.67,12.52,4.05,7072.0,4306115.0,,,,,,
291,5/27/16,453.52,12.39,4.09,7076.0,4313191.0,,,,,,
292,5/28/16,473.03,11.33,4.51,7079.0,4320270.0,,,,,,
293,5/29/16,527.48,12.11,4.69,7082.0,4327352.0,,,,,,
294,5/30/16,528.47,12.33,4.63,7087.0,4334439.0,,,,,,
295,5/31/16,534.19,12.74,4.69,7089.0,4341528.0,,,,,,
296,6/1/16,531.11,14.11,4.65,7093.0,4348621.0,,,,,,
297,6/2/16,536.51,13.99,4.74,,,,,,,,
298,6/3/16,537.68,13.74,4.72,7094.0,4355715.0,,,,,,
299,6/4/16,569.71,13.86,4.86,7098.0,4362813.0,,,,,,
300,6/5/16,573.31,13.76,4.8,7104.0,4369917.0,,,,,,
301,6/6/16,574.6,14.0,4.81,7106.0,4377023.0,,,,,,
302,6/7/16,585.45,13.95,4.95,7108.0,4384131.0,,,,,,
303,6/8/16,577.17,14.51,4.77,7109.0,4391240.0,,,,,,
304,6/9/16,582.2,14.43,4.78,7112.0,4398352.0,,,,,,
305,6/10/16,575.84,14.38,4.75,7114.0,4405466.0,,,,,,
306,6/11/16,578.67,13.91,4.88,7115.0,4412581.0,,,,,,
307,6/12/16,609.68,14.19,5.07,7117.0,4419698.0,,,,,,
308,6/13/16,671.65,15.77,5.41,7124.0,4426822.0,,,,,,
309,6/14/16,704.5,17.61,5.31,7127.0,4433949.0,,,,,,
310,6/15/16,685.68,18.91,5.22,7131.0,4441080.0,,,,,,
311,6/16/16,696.52,18.36,5.25,7136.0,4448216.0,,,,,,
312,6/17/16,768.49,20.65,5.67,,,,,,,,
313,6/18/16,748.76,15.38,5.6,7137.0,4455353.0,,,,,,
314,6/19/16,756.69,11.17,5.56,7140.0,4462493.0,,,,,,
315,6/20/16,763.93,12.24,5.63,7141.0,4469634.0,,,,,,
316,6/21/16,735.88,11.82,5.27,7145.0,4476779.0,,,,,,
317,6/22/16,665.91,13.2,4.83,7148.0,4483927.0,,,,,,
318,6/23/16,597.44,13.22,3.92,,,,,,,,
319,6/24/16,625.58,13.68,3.85,,,,,,,,
320,6/25/16,665.28,14.3,4.27,7149.0,4491076.0,,,,,,
321,6/26/16,665.93,14.26,4.24,7151.0,4498227.0,,,,,,
322,6/27/16,629.35,13.81,4.05,7156.0,4505383.0,,,,,,
323,6/28/16,658.1,13.93,4.14,7162.0,4512545.0,,,,,,
324,6/29/16,644.12,12.17,4.1,7165.0,4519710.0,,,,,,
325,6/30/16,640.59,12.6,4.08,,,,,,,,
326,7/1/16,672.51,12.44,4.19,,,,,,,,
327,7/2/16,676.73,12.22,4.28,7168.0,4526878.0,,,,,,
328,7/3/16,704.97,12.12,4.66,7171.0,4534049.0,,,,,,
329,7/4/16,658.8,11.7,4.27,7173.0,4541222.0,,,,,,
330,7/5/16,683.21,11.46,4.56,7175.0,4548397.0,,,,,,
331,7/6/16,670.42,10.58,4.46,,,,,,,,
332,7/7/16,678.09,10.54,4.5,7179.0,4555576.0,,,,,,
333,7/8/16,640.69,10.12,4.12,7181.0,4562757.0,,,,,,
334,7/9/16,666.38,11.42,4.24,,,,,,,,
335,7/10/16,650.6,10.96,4.12,7184.0,4569941.0,,,,,,
336,7/11/16,648.48,10.94,4.12,7189.0,4577130.0,,,,,,
337,7/12/16,648.28,10.45,4.09,7193.0,4584323.0,,,,,,
338,7/13/16,664.8,10.51,4.16,7197.0,4591520.0,,,,,,
339,7/14/16,652.92,10.6,4.14,7202.0,4598722.0,,,,,,
340,7/15/16,659.17,11.5,4.15,7207.0,4605929.0,,,,,,
341,7/16/16,663.78,11.92,4.15,7211.0,4613140.0,,,,,,
342,7/17/16,661.99,11.62,4.14,7214.0,4620354.0,,,,,,
343,7/18/16,679.81,11.17,4.2,7216.0,4627570.0,,,,,,
344,7/19/16,672.74,11.05,4.15,7218.0,4634788.0,,,,,,
345,7/20/16,672.81,11.59,4.15,7221.0,4642009.0,,,,,,
346,7/21/16,665.23,12.46,4.13,7224.0,4649233.0,,,,,,
347,7/22/16,664.92,12.66,4.13,7229.0,4656462.0,,,,,,
348,7/23/16,650.73,14.67,4.04,7231.0,4663693.0,,,,,,
349,7/24/16,655.41,14.3,4.06,7232.0,4670925.0,,,,,,
350,7/25/16,661.26,12.74,4.07,7236.0,4678161.0,,,,,,
351,7/26/16,654.23,13.82,4.04,,,,,,,,
352,7/27/16,651.63,12.05,3.96,7237.0,4685398.0,,,,,,
353,7/28/16,654.49,12.98,3.97,7241.0,4692639.0,,,,,,
354,7/29/16,655.11,12.84,3.97,7242.0,4699881.0,,,,,,
355,7/30/16,657.01,12.8,4.08,7243.0,4707124.0,,,,,,
356,7/31/16,655.1,12.44,4.08,7247.0,4714371.0,,,,,,
357,8/1/16,624.6,11.89,4.06,7252.0,4721623.0,,,,,,
358,8/2/16,606.4,10.95,3.87,7255.0,4728878.0,,,,,,
359,8/3/16,548.66,8.88,3.64,7256.0,4736134.0,,,,,,
360,8/4/16,566.33,10.31,3.71,7260.0,4743394.0,,,,,,
361,8/5/16,578.28,11.02,3.74,,,,,,,,
362,8/6/16,575.03,10.92,3.72,7265.0,4750659.0,,,,,,
363,8/7/16,587.77,10.86,3.76,7267.0,4757926.0,,,,,,
364,8/8/16,592.74,10.91,3.77,7271.0,4765197.0,,,,,,
365,8/9/16,591.04,11.27,3.78,7275.0,4772472.0,,,,,,
366,8/10/16,587.65,12.23,3.76,7276.0,4779748.0,,,,,,
367,8/11/16,592.12,12.14,3.72,7280.0,4787028.0,,,,,,
368,8/12/16,588.8,11.69,3.74,7281.0,4794309.0,,,,,,
369,8/13/16,587.36,11.77,3.71,7304.0,4801613.0,,,,,,
370,8/14/16,585.59,11.58,3.72,7305.0,4808918.0,,,,,,
371,8/15/16,570.49,11.2,3.65,7308.0,4816226.0,,,,,,
372,8/16/16,567.24,11.23,3.59,7309.0,4823535.0,,,,,,
373,8/17/16,577.76,11.13,3.65,,,,,,,,
374,8/18/16,573.71,10.75,3.6,7311.0,4830846.0,,,,,,
375,8/19/16,574.34,10.75,3.61,7312.0,4838158.0,,,,,,
376,8/20/16,576.08,10.75,3.61,7313.0,4845471.0,,,,,,
377,8/21/16,581.94,11.25,3.62,,,,,,,,
378,8/22/16,581.31,11.19,3.62,,,,,,,,
379,8/23/16,586.77,11.14,3.66,7314.0,4852785.0,,,,,,
380,8/24/16,583.41,11.02,3.93,7317.0,4860102.0,,,,,,
381,8/25/16,580.18,11.03,3.86,7319.0,4867421.0,,,,,,
382,8/26/16,577.75,11.35,3.8,7323.0,4874744.0,,,,,,
383,8/27/16,579.45,11.29,3.82,,,,,,,,
384,8/28/16,569.83,11.15,3.74,7325.0,4882069.0,,,,,,
385,8/29/16,574.07,10.92,3.74,7326.0,4889395.0,,,,,,
386,8/30/16,574.11,10.99,3.77,7327.0,4896722.0,,,,,,
387,8/31/16,577.59,11.24,3.81,,,,,,,,
388,9/1/16,575.55,11.67,3.8,7328.0,4904050.0,,,,,,
389,9/2/16,572.41,11.96,3.84,7329.0,4911379.0,,,,,,
390,9/3/16,575.55,12.11,3.83,,,,,,,,
391,9/4/16,598.59,11.75,3.89,7330.0,4918709.0,,,,,,
392,9/5/16,608.99,11.68,4.02,7339.0,4926048.0,,,,,,
393,9/6/16,606.51,11.73,3.98,7348.0,4933396.0,,,,,,
394,9/7/16,610.57,11.69,3.99,7352.0,4940748.0,,,,,,
395,9/8/16,614.63,11.55,3.97,7357.0,4948105.0,,,,,,
396,9/9/16,626.35,11.41,3.98,7360.0,4955465.0,,,,,,
397,9/10/16,622.93,11.66,3.97,7364.0,4962829.0,,,,,,
398,9/11/16,623.42,12.21,3.97,7365.0,4970194.0,,,,,,
399,9/12/16,607.0,11.64,3.87,7378.0,4977572.0,,,,,,
400,9/13/16,608.02,11.89,3.83,7379.0,4984951.0,,,,,,
401,9/14/16,608.84,11.9,3.82,7382.0,4992333.0,,,,,,
402,9/15/16,610.59,11.94,3.83,7398.0,4999731.0,,,,,,
403,9/16/16,607.25,11.96,3.82,7401.0,5007132.0,,,,,,
404,9/17/16,607.22,12.56,3.8,7402.0,5014534.0,,,,,,
405,9/18/16,606.28,12.69,3.81,7403.0,5021937.0,,,,,,
406,9/19/16,609.87,12.44,4.04,7406.0,5029343.0,,,,,,
407,9/20/16,609.25,13.21,3.83,7420.0,5036763.0,,,,,,
408,9/21/16,603.59,14.43,3.87,7424.0,5044187.0,,,,,,
409,9/22/16,597.28,13.66,3.86,7425.0,5051612.0,,,,,,
410,9/23/16,596.2,13.21,3.77,7428.0,5059040.0,,,,,,
411,9/24/16,602.96,13.32,3.81,7429.0,5066469.0,,,,,,
412,9/25/16,602.75,12.85,3.8,7432.0,5073901.0,,,,,,
413,9/26/16,600.81,13.17,3.8,7434.0,5081335.0,,,,,,
414,9/27/16,608.02,12.86,3.86,7435.0,5088770.0,,,,,,
415,9/28/16,606.24,13.11,3.85,7436.0,5096206.0,,,,,,
416,9/29/16,605.02,13.28,3.84,7440.0,5103646.0,,,,,,
417,9/30/16,605.72,13.08,3.84,7442.0,5111088.0,,,,,,
418,10/1/16,609.93,13.2,3.85,7443.0,5118531.0,,,,,,
419,10/2/16,613.95,13.18,3.85,7445.0,5125976.0,,,,,,
420,10/3/16,610.97,13.2,3.85,7450.0,5133426.0,,,,,,
421,10/4/16,612.05,13.45,3.84,7461.0,5140887.0,,,,,,
422,10/5/16,610.22,13.28,3.83,7462.0,5148349.0,,,,,,
423,10/6/16,612.47,13.03,3.85,7465.0,5155814.0,,,,,,
424,10/7/16,612.61,12.85,3.84,7468.0,5163282.0,,,,,,
425,10/8/16,617.34,12.67,3.86,7472.0,5170754.0,,,,,,
426,10/9/16,619.17,12.22,3.84,7479.0,5178233.0,,,,,,
427,10/10/16,616.82,12.06,3.82,7482.0,5185715.0,,,,,,
428,10/11/16,619.24,11.76,3.8,7485.0,5193200.0,,,,,,
429,10/12/16,640.87,11.78,3.82,,,,,,,,
430,10/13/16,636.03,11.91,3.75,7486.0,5200686.0,,,,,,
431,10/14/16,637.01,11.99,3.91,7487.0,5208173.0,,,,,,
432,10/15/16,640.31,11.94,3.9,7490.0,5215663.0,,,,,,
433,10/16/16,639.08,11.98,3.88,,,,,,,,
434,10/17/16,641.82,11.96,3.89,7492.0,5223155.0,,,,,,
435,10/18/16,639.41,12.0,3.95,7493.0,5230648.0,,,,,,
436,10/19/16,638.13,12.59,3.85,,,,,,,,
437,10/20/16,630.66,12.05,3.81,7495.0,5238143.0,,,,,,
438,10/21/16,630.83,12.13,3.79,7496.0,5245639.0,,,,,,
439,10/22/16,633.14,12.18,3.81,,,,,,,,
440,10/23/16,657.62,12.13,3.89,7497.0,5253136.0,,,,,,
441,10/24/16,657.16,12.04,3.92,7501.0,5260637.0,,,,,,
442,10/25/16,654.0,11.97,3.87,7505.0,5268142.0,,,,,,
443,10/26/16,657.68,11.38,3.91,7509.0,5275651.0,,,,,,
444,10/27/16,678.21,11.53,3.96,7512.0,5283163.0,,,,,,
445,10/28/16,688.0,11.47,4.04,7513.0,5290676.0,,,,,,
446,10/29/16,690.29,11.1,3.98,7515.0,5298191.0,,,,,,
447,10/30/16,714.12,10.43,4.1,7518.0,5305709.0,,,,,,
448,10/31/16,702.64,11.23,4.04,7520.0,5313229.0,,,,,,
449,11/1/16,701.34,10.96,4.0,7522.0,5320751.0,,,,,,
450,11/2/16,730.07,10.77,4.09,7523.0,5328274.0,,,,,,
451,11/3/16,742.35,10.8,4.11,7524.0,5335798.0,,,,,,
452,11/4/16,689.12,10.82,3.86,7529.0,5343327.0,,,,,,
453,11/5/16,703.52,11.09,3.88,7533.0,5350860.0,,,,,,
454,11/6/16,703.81,10.99,3.86,7534.0,5358394.0,,,,,,
455,11/7/16,710.74,10.9,3.89,7535.0,5365929.0,,,,,,
456,11/8/16,703.09,10.85,3.84,7537.0,5373466.0,,,,,,
457,11/9/16,709.83,10.82,3.85,7540.0,5381006.0,,,,,,
458,11/10/16,722.84,10.67,3.86,7547.0,5388553.0,,,,,,
459,11/11/16,715.55,10.51,3.84,7550.0,5396103.0,,,,,,
460,11/12/16,716.75,10.29,3.81,7555.0,5403658.0,,,,,,
461,11/13/16,705.2,9.89,3.77,7558.0,5411216.0,,,,,,
462,11/14/16,702.0,10.1,3.88,,,,,,,,
463,11/15/16,705.79,9.97,3.89,7562.0,5418778.0,,,,,,
464,11/16/16,711.17,10.22,3.9,7565.0,5426343.0,,,,,,
465,11/17/16,744.88,10.06,4.06,7573.0,5433916.0,,,,,,
466,11/18/16,740.71,9.99,3.96,7576.0,5441492.0,,,,,,
467,11/19/16,751.83,9.48,3.98,7583.0,5449075.0,,,,,,
468,11/20/16,751.88,9.66,3.97,7586.0,5456661.0,,,,,,
469,11/21/16,731.26,9.58,3.93,7592.0,5464253.0,,,,,,
470,11/22/16,739.64,9.63,3.95,7593.0,5471846.0,,,,,,
471,11/23/16,751.74,9.92,3.97,7597.0,5479443.0,,,,,,
472,11/24/16,744.62,9.85,3.93,7600.0,5487043.0,,,,,,
473,11/25/16,740.44,9.23,3.91,7605.0,5494648.0,,,,,,
474,11/26/16,741.51,9.42,3.92,7608.0,5502256.0,,,,,,
475,11/27/16,735.44,9.31,3.91,7610.0,5509866.0,,,,,,
476,11/28/16,732.48,9.0,3.9,7614.0,5517480.0,,,,,,
477,11/29/16,736.33,8.73,3.89,7622.0,5525102.0,,,,,,
478,11/30/16,736.28,8.16,3.89,7628.0,5532730.0,,,,,,
479,12/1/16,746.05,8.6,3.91,7633.0,5540363.0,,,,,,
480,12/2/16,757.54,8.46,3.92,7637.0,5548000.0,,,,,,
481,12/3/16,778.25,7.77,3.95,7639.0,5555639.0,,,,,,
482,12/4/16,771.64,7.9,3.93,7644.0,5563283.0,,,,,,
483,12/5/16,773.39,7.41,3.88,7648.0,5570931.0,,,,,,
484,12/6/16,758.72,6.8,3.49,7652.0,5578583.0,,,,,,
485,12/7/16,764.21,7.89,3.54,7656.0,5586239.0,,,,,,
486,12/8/16,768.08,8.38,3.6,7657.0,5593896.0,,,,,,
487,12/9/16,769.94,8.17,3.69,7658.0,5601554.0,,,,,,
488,12/10/16,773.02,8.44,3.69,7660.0,5609214.0,,,,,,
489,12/11/16,774.75,8.13,3.69,7662.0,5616876.0,,,,,,
490,12/12/16,770.04,8.19,3.64,7667.0,5624543.0,,,,,,
491,12/13/16,780.65,8.52,3.67,,,,,,,,
492,12/14/16,780.0,8.45,3.66,7668.0,5632211.0,,,,,,
493,12/15/16,780.07,8.24,3.61,7670.0,5639881.0,,,,,,
494,12/16/16,778.96,7.86,3.63,7672.0,5647553.0,,,,,,
495,12/17/16,785.17,7.86,3.63,7681.0,5655234.0,,,,,,
496,12/18/16,791.01,7.86,3.7,,,,,,,,
497,12/19/16,790.69,7.87,3.68,7691.0,5662925.0,,,,,,
498,12/20/16,792.25,7.63,3.66,7692.0,5670617.0,,,,,,
499,12/21/16,800.64,7.66,3.66,7694.0,5678311.0,,,,,,
500,12/22/16,834.18,7.9,3.67,7697.0,5686008.0,,,,,,
501,12/23/16,864.89,7.58,3.72,7700.0,5693708.0,,,,,,
502,12/24/16,922.18,7.15,4.65,7703.0,5701411.0,,,,,,
503,12/25/16,899.65,7.26,4.56,,,,,,,,
504,12/26/16,896.9,7.13,4.35,7709.0,5709120.0,,,,,,
505,12/27/16,908.35,7.28,4.37,7712.0,5716832.0,,,,,,
506,12/28/16,934.83,7.15,4.49,7717.0,5724549.0,,,,,,
507,12/29/16,975.13,7.54,4.58,7724.0,5732273.0,,,,,,
508,12/30/16,972.53,8.29,4.56,7727.0,5740000.0,,,,,,
509,12/31/16,960.63,8.15,4.39,,,,,,,,
510,1/1/17,963.66,7.98,4.33,,,,,,,,
511,1/2/17,998.62,8.17,4.52,7730.0,5747730.0,,,,,,
512,1/3/17,1021.6,8.37,4.66,7740.0,5755470.0,,,,,,
513,1/4/17,1044.4,9.71,4.63,7741.0,5763211.0,,,,,,
514,1/5/17,1156.73,11.29,4.91,7744.0,5770955.0,,,,,,
515,1/6/17,1014.24,10.29,4.3,7752.0,5778707.0,,,,,,
516,1/7/17,903.49,10.24,3.86,7753.0,5786460.0,,,,,,
517,1/8/17,908.17,9.87,3.96,7757.0,5794217.0,,,,,,
518,1/9/17,913.24,10.31,4.0,7759.0,5801976.0,,,,,,
519,1/10/17,902.44,10.37,4.3,7762.0,5809738.0,,,,,,
520,1/11/17,908.12,10.54,4.6,7763.0,5817501.0,,,,,,
521,1/12/17,775.18,9.72,3.84,7767.0,5825268.0,,,,,,
522,1/13/17,803.74,9.83,3.95,7772.0,5833040.0,,,,,,
523,1/14/17,825.14,9.79,3.89,7774.0,5840814.0,,,,,,
524,1/15/17,818.14,9.83,3.89,7775.0,5848589.0,,,,,,
525,1/16/17,821.78,9.88,3.92,7779.0,5856368.0,,,,,,
526,1/17/17,830.95,9.64,3.91,7783.0,5864151.0,,,,,,
527,1/18/17,909.37,10.3,3.94,7785.0,5871936.0,,,,,,
528,1/19/17,888.34,10.24,3.84,7788.0,5879724.0,,,,,,
529,1/20/17,898.17,10.39,3.86,7790.0,5887514.0,,,,,,
530,1/21/17,895.55,10.6,3.89,7796.0,5895310.0,,,,,,
531,1/22/17,922.21,10.91,3.9,7798.0,5903108.0,,,,,,
532,1/23/17,925.5,10.71,3.86,7802.0,5910910.0,,,,,,
533,1/24/17,910.68,10.73,3.84,7803.0,5918713.0,,,,,,
534,1/25/17,891.92,10.62,3.79,7807.0,5926520.0,,,,,,
535,1/26/17,902.39,10.57,3.71,7809.0,5934329.0,,,,,,
536,1/27/17,918.36,10.58,3.84,7816.0,5942145.0,,,,,,
537,1/28/17,919.81,10.54,3.85,7817.0,5949962.0,,,,,,
538,1/29/17,922.07,10.56,3.85,7822.0,5957784.0,,,,,,
539,1/30/17,920.15,10.49,3.86,7824.0,5965608.0,,,,,,
540,1/31/17,920.96,10.56,4.02,7831.0,5973439.0,,,,,,
541,2/1/17,970.94,10.74,4.08,7836.0,5981275.0,,,,,,
542,2/2/17,990.0,10.74,4.08,7841.0,5989116.0,,,,,,
543,2/3/17,1011.46,10.81,4.08,7844.0,5996960.0,,,,,,
544,2/4/17,1031.33,11.13,4.08,7848.0,6004808.0,,,,,,
545,2/5/17,1043.52,11.44,4.07,7853.0,6012661.0,,,,,,
546,2/6/17,1028.4,11.35,4.06,7857.0,6020518.0,,,,,,
547,2/7/17,1040.14,11.43,4.05,7862.0,6028380.0,,,,,,
548,2/8/17,1062.32,11.54,4.05,7869.0,6036249.0,,,,,,
549,2/9/17,1064.7,11.44,4.03,7875.0,6044124.0,,,,,,
550,2/10/17,995.63,11.04,3.8,7880.0,6052004.0,,,,,,
551,2/11/17,988.9,11.29,3.78,7882.0,6059886.0,,,,,,
552,2/12/17,1003.52,11.35,3.8,7885.0,6067771.0,,,,,,
553,2/13/17,998.88,11.38,3.77,7888.0,6075659.0,,,,,,
554,2/14/17,991.74,11.29,3.72,7895.0,6083554.0,,,,,,
555,2/15/17,1006.21,13.04,3.77,7901.0,6091455.0,,,,,,
556,2/16/17,1007.65,12.92,3.8,7904.0,6099359.0,,,,,,
557,2/17/17,1026.12,12.9,3.78,7907.0,6107266.0,,,,,,
558,2/18/17,1049.21,12.71,3.83,7911.0,6115177.0,,,,,,
559,2/19/17,1054.76,12.82,3.79,7913.0,6123090.0,,,,,,
560,2/20/17,1048.69,12.77,3.77,7919.0,6131009.0,,,,,,
561,2/21/17,1079.28,12.34,3.76,7924.0,6138933.0,,,,,,
562,2/22/17,1114.8,12.69,3.79,7929.0,6146862.0,,,,,,
563,2/23/17,1117.27,12.6,3.8,7935.0,6154797.0,,,,,,
564,2/24/17,1172.71,13.13,3.83,7942.0,6162739.0,,,,,,
565,2/25/17,1170.41,13.06,3.85,7947.0,6170686.0,,,,,,
566,2/26/17,1144.27,13.52,3.82,7950.0,6178636.0,,,,,,
567,2/27/17,1163.78,14.51,3.81,7951.0,6186587.0,,,,,,
568,2/28/17,1180.72,15.45,3.8,7952.0,6194539.0,,,,,,
569,3/1/17,1180.04,15.85,3.77,7954.0,6202493.0,,,,,,
570,3/2/17,1224.68,17.36,3.8,7959.0,6210452.0,,,,,,
571,3/3/17,1250.71,19.04,3.92,7970.0,6218422.0,,,,,,
572,3/4/17,1277.43,19.52,3.91,7971.0,6226393.0,,,,,,
573,3/5/17,1254.29,18.5,3.86,7974.0,6234367.0,,,,,,
574,3/6/17,1267.47,19.28,3.87,7986.0,6242353.0,,,,,,
575,3/7/17,1273.21,19.58,3.89,7987.0,6250340.0,,,,,,
576,3/8/17,1223.23,18.88,3.81,7988.0,6258328.0,,,,,,
577,3/9/17,1150.35,16.64,3.77,7991.0,6266319.0,,,,,,
578,3/10/17,1189.36,17.74,3.83,7997.0,6274316.0,,,,,,
579,3/11/17,1116.32,19.37,3.76,8002.0,6282318.0,,,,,,
580,3/12/17,1176.62,21.46,3.79,8006.0,6290324.0,,,,,,
581,3/13/17,1221.78,23.5,3.85,8010.0,6298334.0,,,,,,
582,3/14/17,1232.16,28.57,4.17,8014.0,6306348.0,,,,,,
583,3/15/17,1240.16,28.65,4.05,8016.0,6314364.0,,,,,,
584,3/16/17,1251.33,35.36,4.15,,,,,,,,
585,3/17/17,1180.16,45.93,4.23,8017.0,6322381.0,,,,,,
586,3/18/17,1099.69,46.87,4.04,8020.0,6330401.0,,,,,,
587,3/19/17,976.73,35.53,3.96,8024.0,6338425.0,,,,,,
588,3/20/17,1037.24,44.83,3.95,,,,,,,,
589,3/21/17,1055.36,43.51,4.04,8028.0,6346453.0,,,,,,
590,3/22/17,1120.65,43.12,3.99,8034.0,6354487.0,,,,,,
591,3/23/17,1050.05,42.57,3.93,8035.0,6362522.0,,,,,,
592,3/24/17,1038.45,43.64,3.97,,,,,,,,
593,3/25/17,936.54,53.58,4.07,8039.0,6370561.0,,,,,,
594,3/26/17,974.01,50.77,4.07,8040.0,6378601.0,,,,,,
595,3/27/17,972.05,51.31,4.07,,,,,,,,
596,3/28/17,1044.58,49.71,4.07,8041.0,6386642.0,,,,,,
597,3/29/17,1046.08,50.57,4.14,,,,,,,,
598,3/30/17,1042.21,53.12,4.18,8042.0,6394684.0,,,,,,
599,3/31/17,1026.64,51.75,7.02,,,,,,,,
600,4/1/17,1071.71,50.03,6.65,8045.0,6402729.0,,,,,,
601,4/2/17,1080.61,50.74,6.86,8046.0,6410775.0,,,,,,
602,4/3/17,1102.95,48.82,7.74,8048.0,6418823.0,,,,,,
603,4/4/17,1145.52,43.92,8.12,8054.0,6426877.0,,,,,,
604,4/5/17,1134.14,44.66,8.25,8055.0,6434932.0,,,,,,
605,4/6/17,1125.81,45.22,11.12,,,,,,,,
606,4/7/17,1178.94,42.87,10.22,8057.0,6442989.0,,,,,,
607,4/8/17,1172.65,41.8,9.34,8058.0,6451047.0,,,,,,
608,4/9/17,1176.57,44.28,9.89,8059.0,6459106.0,,,,,,
609,4/10/17,1187.3,43.28,8.72,8065.0,6467171.0,,,,,,
610,4/11/17,1187.46,43.5,8.91,8073.0,6475244.0,,,,,,
611,4/12/17,1204.81,43.46,8.83,8074.0,6483318.0,,,,,,
612,4/13/17,1201.02,46.31,10.76,8076.0,6491394.0,,,,,,
613,4/14/17,1170.33,49.97,10.13,8082.0,6499476.0,,,,,,
614,4/15/17,1167.3,47.65,10.34,8088.0,6507564.0,,,,,,
615,4/16/17,1172.61,49.04,10.75,8090.0,6515654.0,,,,,,
616,4/17/17,1183.25,48.66,10.6,8092.0,6523746.0,,,,,,
617,4/18/17,1193.77,48.32,10.42,8097.0,6531843.0,,,,,,
618,4/19/17,1212.13,50.73,10.31,8098.0,6539941.0,,,,,,
619,4/20/17,1211.08,48.13,9.63,8103.0,6548044.0,,,,,,
620,4/21/17,1229.42,49.64,10.29,8108.0,6556152.0,,,,,,
621,4/22/17,1222.71,48.18,11.18,8110.0,6564262.0,,,,,,
622,4/23/17,1231.92,48.59,13.07,8114.0,6572376.0,,,,,,
623,4/24/17,1209.63,48.87,13.96,8117.0,6580493.0,,,,,,
624,4/25/17,1250.45,50.07,14.98,8120.0,6588613.0,,,,,,
625,4/26/17,1265.99,49.91,15.21,8122.0,6596735.0,,,,,,
626,4/27/17,1281.88,52.81,14.84,8127.0,6604862.0,,,,,,
627,4/28/17,1317.74,62.23,14.59,8130.0,6612992.0,,,,,,
628,4/29/17,1317.84,71.39,14.4,8131.0,6621123.0,,,,,,
629,4/30/17,1321.87,68.54,15.7,8137.0,6629260.0,,,,,,
630,5/1/17,1348.3,79.32,15.71,8140.0,6637400.0,,,,,,
631,5/2/17,1421.03,76.65,15.92,8147.0,6645547.0,,,,,,
632,5/3/17,1453.78,77.25,15.88,8153.0,6653700.0,,,,,,
633,5/4/17,1490.72,79.72,21.04,8157.0,6661857.0,,,,,,
634,5/5/17,1540.87,96.73,23.47,8163.0,6670020.0,,,,,,
635,5/6/17,1556.81,94.91,26.47,8169.0,6678189.0,,,,,,
636,5/7/17,1579.47,97.87,28.2,8173.0,6686362.0,,,,,,
637,5/8/17,1596.92,93.75,30.37,8178.0,6694540.0,,,,,,
638,5/9/17,1723.89,91.23,28.96,8184.0,6702724.0,,,,,,
639,5/10/17,1756.52,91.15,33.3,8189.0,6710913.0,,,,,,
640,5/11/17,1780.37,89.77,32.66,8196.0,6719109.0,,,,,,
641,5/12/17,1845.76,89.43,30.93,8212.0,6727321.0,,,,,,
642,5/13/17,1723.12,88.69,27.22,8219.0,6735540.0,,,,,,
643,5/14/17,1800.86,90.87,29.09,8223.0,6743763.0,,,,,,
644,5/15/17,1808.44,90.78,28.89,8232.0,6751995.0,,,,,,
645,5/16/17,1741.7,92.39,25.34,8236.0,6760231.0,,,,,,
646,5/17/17,1726.73,89.25,23.24,8239.0,6768470.0,,,,,,
647,5/18/17,1818.7,89.84,25.17,8242.0,6776712.0,,,,,,
648,5/19/17,1897.37,97.05,28.29,8252.0,6784964.0,,,,,,
649,5/20/17,1984.24,129.22,27.68,8259.0,6793223.0,,,,,,
650,5/21/17,2067.03,127.54,27.48,8263.0,6801486.0,,,,,,
651,5/22/17,2043.19,158.17,26.14,8266.0,6809752.0,,,,,,
652,5/23/17,2191.56,170.82,25.3,8277.0,6818029.0,,,,,,
653,5/24/17,2321.37,182.65,32.12,8284.0,6826313.0,,,,,,
654,5/25/17,2446.24,189.85,34.47,8292.0,6834605.0,,,,,,
655,5/26/17,2320.89,175.22,30.33,8298.0,6842903.0,,,,,,
656,5/27/17,2196.27,159.82,23.4,8300.0,6851203.0,,,,,,
657,5/28/17,2054.08,158.82,24.01,8303.0,6859506.0,,,,,,
658,5/29/17,2159.43,170.13,24.32,8308.0,6867814.0,,,,,,
659,5/30/17,2255.36,195.61,25.32,8315.0,6876129.0,,,,,,
660,5/31/17,2187.19,231.58,24.29,8319.0,6884448.0,,,,,,
661,6/1/17,2288.33,230.89,25.34,8327.0,6892775.0,,,,,,
662,6/2/17,2404.03,222.29,28.9,8338.0,6901113.0,,,,,,
663,6/3/17,2493.72,223.46,29.04,8343.0,6909456.0,,,,,,
664,6/4/17,2547.79,224.12,27.65,8348.0,6917804.0,,,,,,
665,6/5/17,2512.4,245.26,28.09,8355.0,6926159.0,,,,,,
666,6/6/17,2690.84,248.6,30.84,8367.0,6934526.0,,,,,,
667,6/7/17,2869.38,264.26,30.57,8371.0,6942897.0,,,,,,
668,6/8/17,2720.49,257.99,28.38,8375.0,6951272.0,,,,,,
669,6/9/17,2807.44,261.75,30.19,8386.0,6959658.0,,,,,,
670,6/10/17,2828.14,282.01,29.68,8388.0,6968046.0,,,,,,
671,6/11/17,2942.41,338.79,30.5,8392.0,6976438.0,,,,,,
672,6/12/17,2953.22,341.16,33.23,8401.0,6984839.0,,,,,,
673,6/13/17,2680.91,395.69,29.49,8411.0,6993250.0,,,,,,
674,6/14/17,2716.88,397.59,30.74,8419.0,7001669.0,,,,,,
675,6/15/17,2499.58,358.51,30.22,8422.0,7010091.0,,,,,,
676,6/16/17,2469.57,361.18,30.28,8425.0,7018516.0,,,,,,
677,6/17/17,2514.01,369.88,36.18,8431.0,7026947.0,,,,,,
678,6/18/17,2655.35,379.52,47.44,8432.0,7035379.0,,,,,,
679,6/19/17,2549.03,371.86,46.16,8434.0,7043813.0,,,,,,
680,6/20/17,2591.26,370.33,50.41,8442.0,7052255.0,,,,,,
681,6/21/17,2709.43,359.54,47.3,8446.0,7060701.0,,,,,,
682,6/22/17,2691.03,337.73,47.72,8455.0,7069156.0,,,,,,
683,6/23/17,2707.34,336.49,47.75,8458.0,7077614.0,,,,,,
684,6/24/17,2738.52,341.63,47.25,8463.0,7086077.0,,,,,,
685,6/25/17,2607.25,323.47,44.49,8468.0,7094545.0,,,,,,
686,6/26/17,2590.57,302.95,44.04,8473.0,7103018.0,,,,,,
687,6/27/17,2478.45,272.69,41.13,8479.0,7111497.0,,,,,,
688,6/28/17,2553.03,293.04,40.82,8485.0,7119982.0,,,,,,
689,6/29/17,2567.56,328.37,42.83,8492.0,7128474.0,,,,,,
690,6/30/17,2539.24,303.15,41.04,8503.0,7136977.0,,,,,,
691,7/1/17,2492.6,293.35,40.4,8506.0,7145483.0,,,,,,
692,7/2/17,2436.4,275.12,38.95,8508.0,7153991.0,,,,,,
693,7/3/17,2498.56,288.41,41.48,8510.0,7162501.0,,,,,,
694,7/4/17,2561.0,282.19,46.56,8517.0,7171018.0,,,,,,
695,7/5/17,2602.87,273.1,55.27,8523.0,7179541.0,,,,,,
696,7/6/17,2608.1,268.86,53.2,8527.0,7188068.0,,,,,,
697,7/7/17,2608.59,270.35,51.1,8533.0,7196601.0,,,,,,
698,7/8/17,2520.27,245.89,46.64,8535.0,7205136.0,,,,,,
699,7/9/17,2572.61,251.82,52.36,8538.0,7213674.0,,,,,,
700,7/10/17,2525.25,243.01,49.91,8543.0,7222217.0,,,,,,
701,7/11/17,2385.89,211.53,46.27,8548.0,7230765.0,,,,,,
702,7/12/17,2332.77,197.15,45.26,8553.0,7239318.0,,,,,,
703,7/13/17,2402.7,231.81,48.72,8559.0,7247877.0,,,,,,
704,7/14/17,2360.59,209.53,46.36,8565.0,7256442.0,,,,,,
705,7/15/17,2230.12,199.71,42.81,8571.0,7265013.0,,,,,,
706,7/16/17,1991.98,169.57,38.92,8573.0,7273586.0,,,,,,
707,7/17/17,1932.62,159.99,41.19,,,,,,,,
708,7/18/17,2233.52,195.03,42.62,8574.0,7282160.0,,,,,,
709,7/19/17,2323.08,234.94,44.35,8576.0,7290736.0,,,,,,
710,7/20/17,2269.89,205.42,40.96,8583.0,7299319.0,,,,,,
711,7/21/17,2838.41,226.06,45.07,8589.0,7307908.0,,,,,,
712,7/22/17,2668.63,217.86,45.77,,,,,,,,
713,7/23/17,2808.1,229.12,46.63,8597.0,7316505.0,,,,,,
714,7/24/17,2732.7,226.28,44.16,8605.0,7325110.0,,,,,,
715,7/25/17,2757.5,224.37,44.48,8608.0,7333718.0,,,,,,
716,7/26/17,2577.77,207.09,42.29,8613.0,7342331.0,,,,,,
717,7/27/17,2538.71,204.86,42.35,8620.0,7350951.0,,,,,,
718,7/28/17,2679.73,204.32,42.22,8626.0,7359577.0,,,,,,
719,7/29/17,2807.02,193.34,40.56,8634.0,7368211.0,,,,,,
720,7/30/17,2724.39,206.74,41.18,8636.0,7376847.0,,,,,,
721,7/31/17,2763.24,197.41,40.34,8649.0,7385496.0,,,,,,
722,8/1/17,2871.3,204.69,43.02,8657.0,7394153.0,,,,,,
723,8/2/17,2727.13,227.01,43.07,8665.0,7402818.0,,,,,,
724,8/3/17,2709.56,220.18,42.19,8674.0,7411492.0,,,,,,
725,8/4/17,2806.93,225.31,42.89,8682.0,7420174.0,,,,,,
726,8/5/17,2897.63,222.85,43.49,8684.0,7428858.0,,,,,,
727,8/6/17,3257.61,256.42,46.84,8689.0,7437547.0,,,,,,
728,8/7/17,3212.78,261.24,45.17,8698.0,7446245.0,,,,,,
729,8/8/17,3370.22,269.1,45.9,8702.0,7454947.0,,,,,,
730,8/9/17,3420.4,297.63,48.59,8711.0,7463658.0,,,,,,
731,8/10/17,3341.84,296.96,48.05,8714.0,7472372.0,,,,,,
732,8/11/17,3373.82,294.5,46.4,8722.0,7481094.0,,,,,,
733,8/12/17,3650.63,308.71,47.05,8734.0,7489828.0,,,,,,
734,8/13/17,3880.04,310.37,46.57,8735.0,7498563.0,,,,,,
735,8/14/17,4066.1,298.03,45.83,8747.0,7507310.0,,,,,,
736,8/15/17,4326.99,299.95,45.81,8753.0,7516063.0,,,,,,
737,8/16/17,4200.34,289.82,43.37,8767.0,7524830.0,,,,,,
738,8/17/17,4384.44,302.81,44.18,8777.0,7533607.0,,,,,,
739,8/18/17,4324.34,301.7,43.9,8783.0,7542390.0,,,,,,
740,8/19/17,4137.75,296.18,47.05,8787.0,7551177.0,,,,,,
741,8/20/17,4189.31,296.64,45.38,8792.0,7559969.0,,,,,,
742,8/21/17,4090.48,300.48,46.19,8802.0,7568771.0,,,,,,
743,8/22/17,3998.35,321.06,47.9,8809.0,7577580.0,,,,,,
744,8/23/17,4089.01,315.27,46.71,8820.0,7586400.0,,,,,,
745,8/24/17,4137.6,317.45,52.82,8841.0,7595241.0,,,,,,
746,8/25/17,4332.82,326.11,50.17,8850.0,7604091.0,,,,,,
747,8/26/17,4372.06,331.99,51.17,8857.0,7612948.0,,,,,,
748,8/27/17,4345.1,334.36,51.8,8864.0,7621812.0,,,,,,
749,8/28/17,4384.45,350.04,61.36,8878.0,7630690.0,,,,,,
750,8/29/17,4389.21,347.96,62.39,8887.0,7639577.0,,,,,,
751,8/30/17,4570.36,369.47,63.16,8892.0,7648469.0,,,,,,
752,8/31/17,4555.59,378.44,64.16,8908.0,7657377.0,,,,,,
753,9/1/17,4701.76,383.47,70.86,8918.0,7666295.0,,,,,,
754,9/2/17,4901.42,387.82,85.83,8923.0,7675218.0,,,,,,
755,9/3/17,4585.27,350.23,78.98,8934.0,7684152.0,,,,,,
756,9/4/17,4591.63,347.13,76.73,8944.0,7693096.0,,,,,,
757,9/5/17,4228.29,297.57,65.25,8954.0,7702050.0,,,,,,
758,9/6/17,4376.59,313.8,71.78,8957.0,7711007.0,,,,,,
759,9/7/17,4589.14,333.52,79.88,8967.0,7719974.0,,,,,,
760,9/8/17,4605.16,329.64,78.45,8975.0,7728949.0,,,,,,
761,9/9/17,4229.81,296.17,67.21,8979.0,7737928.0,,,,,,
762,9/10/17,4229.34,294.06,65.8,8986.0,7746914.0,,,,,,
763,9/11/17,4122.47,289.75,61.65,8993.0,7755907.0,,,,,,
764,9/12/17,4168.88,294.63,66.24,9002.0,7764909.0,,,,,,
765,9/13/17,4131.98,291.12,64.32,9013.0,7773922.0,,,,,,
766,9/14/17,3875.37,276.59,61.64,9044.0,7782966.0,,,,,,
767,9/15/17,3166.3,215.22,41.69,9055.0,7792021.0,,,,,,
768,9/16/17,3637.75,250.87,48.13,9063.0,7801084.0,,,,,,
769,9/17/17,3606.28,245.85,48.23,9068.0,7810152.0,,,,,,
770,9/18/17,3591.09,252.23,48.53,9077.0,7819229.0,,,,,,
771,9/19/17,4073.79,293.66,55.68,9090.0,7828319.0,,,,,,
772,9/20/17,3916.36,282.01,52.74,9100.0,7837419.0,,,,,,
773,9/21/17,3901.47,283.26,51.66,9122.0,7846541.0,,,,,,
774,9/22/17,3628.02,258.11,46.65,9127.0,7855668.0,,,,,,
775,9/23/17,3629.92,264.6,48.16,9135.0,7864803.0,,,,,,
776,9/24/17,3796.15,286.21,49.25,9146.0,7873949.0,,,,,,
777,9/25/17,3681.58,282.22,47.62,9153.0,7883102.0,,,,,,
778,9/26/17,3928.41,292.35,51.69,9162.0,7892264.0,,,,,,
779,9/27/17,3892.94,287.02,51.58,9175.0,7901439.0,,,,,,
780,9/28/17,4197.13,306.47,56.21,9182.0,7910621.0,,,,,,
781,9/29/17,4171.62,299.12,54.11,9191.0,7919812.0,,,,,,
782,9/30/17,4166.11,291.48,52.63,9199.0,7929011.0,,,,,,
783,10/1/17,4341.05,301.55,55.14,9208.0,7938219.0,,,,,,
784,10/2/17,4395.81,302.48,54.55,9249.0,7947468.0,,,,,,
785,10/3/17,4408.46,297.48,53.39,9258.0,7956726.0,,,,,,
786,10/4/17,4319.37,292.75,52.28,9266.0,7965992.0,,,,,,
787,10/5/17,4229.88,292.77,51.4,9290.0,7975282.0,,,,,,
788,10/6/17,4324.46,295.15,51.64,9299.0,7984581.0,,,,,,
789,10/7/17,4369.35,308.89,52.14,9307.0,7993888.0,,,,,,
790,10/8/17,4429.67,311.06,52.49,9311.0,8003199.0,,,,,,
791,10/9/17,4614.52,308.67,53.08,9314.0,8012513.0,,,,,,
792,10/10/17,4776.21,297.6,50.15,9319.0,8021832.0,,,,,,
793,10/11/17,4789.25,301.18,50.75,9340.0,8031172.0,,,,,,
794,10/12/17,4829.58,303.5,50.89,9346.0,8040518.0,,,,,,
795,10/13/17,5464.16,304.08,60.55,9358.0,8049876.0,,,,,,
796,10/14/17,5643.53,338.85,59.41,9365.0,8059241.0,,,,,,
797,10/15/17,5835.96,339.53,64.13,9375.0,8068616.0,,,,,,
798,10/16/17,5687.57,336.71,65.72,9383.0,8077999.0,,,,,,
799,10/17/17,5741.58,333.48,64.67,9401.0,8087400.0,,,,,,
800,10/18/17,5603.82,316.94,59.59,9409.0,8096809.0,,,,,,
801,10/19/17,5583.74,314.54,60.82,9423.0,8106232.0,,,,,,
802,10/20/17,5708.11,308.05,59.81,9437.0,8115669.0,,,,,,
803,10/21/17,5996.79,303.57,60.3,9450.0,8125119.0,,,,,,
804,10/22/17,6036.66,300.55,58.27,9455.0,8134574.0,,,,,,
805,10/23/17,6006.0,295.1,56.77,9469.0,8144043.0,,,,,,
806,10/24/17,5935.52,287.12,54.96,9482.0,8153525.0,,,,,,
807,10/25/17,5524.6,298.44,55.95,9507.0,8163032.0,,,,,,
808,10/26/17,5747.95,298.02,56.47,9521.0,8172553.0,,,,,,
809,10/27/17,5899.74,296.51,55.67,9535.0,8182088.0,,,,,,
810,10/28/17,5787.82,297.92,55.38,9540.0,8191628.0,,,,,,
811,10/29/17,5754.44,296.38,54.67,9546.0,8201174.0,,,,,,
812,10/30/17,6114.85,304.78,56.84,9559.0,8210733.0,,,,,,
813,10/31/17,6132.02,307.38,56.37,9571.0,8220304.0,,,,,,
814,11/1/17,6440.97,305.76,55.74,9582.0,8229886.0,,,,,,
815,11/2/17,6777.77,290.73,53.56,9596.0,8239482.0,,,,,,
816,11/3/17,7087.53,288.5,54.58,9606.0,8249088.0,,,,,,
817,11/4/17,7164.48,305.48,56.22,9608.0,8258696.0,,,,,,
818,11/5/17,7404.52,300.04,55.03,9618.0,8268314.0,,,,,,
819,11/6/17,7403.22,296.43,54.76,9638.0,8277952.0,,,,,,
820,11/7/17,7023.1,298.57,54.99,9656.0,8287608.0,,,,,,
821,11/8/17,7141.38,294.27,61.11,9678.0,8297286.0,,,,,,
822,11/9/17,7446.83,308.64,62.49,9690.0,8306976.0,,,,,,
823,11/10/17,7173.73,320.67,64.44,9700.0,8316676.0,,,,,,
824,11/11/17,6618.61,298.59,59.35,9710.0,8326386.0,,,,,,
825,11/12/17,6295.45,314.69,62.31,9718.0,8336104.0,,,,,,
826,11/13/17,5938.25,307.02,59.18,9723.0,8345827.0,,,,,,
827,11/14/17,6561.48,316.76,61.64,9742.0,8355569.0,,,,,,
828,11/15/17,6634.76,337.96,62.78,9752.0,8365321.0,,,,,,
829,11/16/17,7323.24,333.44,63.81,9762.0,8375083.0,,,,,,
830,11/17/17,7853.57,330.17,70.45,9774.0,8384857.0,,,,,,
831,11/18/17,7697.21,331.98,67.41,9784.0,8394641.0,,,,,,
832,11/19/17,7766.03,347.4,69.51,9790.0,8404431.0,,,,,,
833,11/20/17,8039.07,354.09,71.41,9806.0,8414237.0,,,,,,
834,11/21/17,8205.74,367.44,72.2,9829.0,8424066.0,,,,,,
835,11/22/17,8077.95,360.31,70.18,9835.0,8433901.0,,,,,,
836,11/23/17,8232.38,381.44,71.98,9851.0,8443752.0,,,,,,
837,11/24/17,8074.02,412.5,73.14,9859.0,8453611.0,,,,,,
838,11/25/17,8241.71,475.68,77.91,9867.0,8463478.0,,,,,,
839,11/26/17,8789.04,465.97,88.94,9881.0,8473359.0,,,,,,
840,11/27/17,9352.72,471.53,85.89,9902.0,8483261.0,,,,,,
841,11/28/17,9823.43,480.52,91.72,9926.0,8493187.0,,,,,,
842,11/29/17,10077.4,473.28,96.01,9957.0,8503144.0,,,,,,
843,11/30/17,9906.79,431.21,86.25,10020.0,8513164.0,,,,,,
844,12/1/17,10198.6,445.21,88.0,10040.0,8523204.0,,,,,,
845,12/2/17,10978.3,466.85,98.94,10054.0,8533258.0,,,,,,
846,12/3/17,11082.7,463.7,100.19,10064.0,8543322.0,,,,,,
847,12/4/17,11315.4,466.05,101.4,10081.0,8553403.0,,,,,,
848,12/5/17,11685.7,470.29,104.28,10091.0,8563494.0,,,,,,
849,12/6/17,11923.4,462.6,102.48,10107.0,8573601.0,,,,,,
850,12/7/17,14266.1,426.37,99.98,10124.0,8583725.0,,,,,,
851,12/8/17,17802.9,434.99,98.33,10212.0,8593937.0,,,,,,
852,12/9/17,16523.3,457.34,127.48,10225.0,8604162.0,,,,,,
853,12/10/17,15168.4,472.79,155.63,10241.0,8614403.0,,,,,,
854,12/11/17,15427.4,440.36,148.26,10264.0,8624667.0,,,,,,
855,12/12/17,16919.8,522.29,212.46,10293.0,8634960.0,,,,,,
856,12/13/17,17500.0,644.91,315.36,10321.0,8645281.0,,,,,,
857,12/14/17,16384.6,700.59,301.2,10356.0,8655637.0,,,,,,
858,12/15/17,16601.3,696.38,280.97,10374.0,8666011.0,,,,,,
859,12/16/17,17760.3,686.19,299.34,10394.0,8676405.0,,,,,,
860,12/17/17,19475.8,696.24,301.78,10401.0,8686806.0,,,,,,
861,12/18/17,19106.4,721.73,318.95,10414.0,8697220.0,"19,055","20,000","20,500","18,170",3.86K,-2.53
862,12/19/17,19118.3,793.9,359.13,10433.0,8707653.0,"17,555","19,070","19,650","17,530",2.60K,-7.87
863,12/20/17,17760.3,827.52,349.6,10448.0,8718101.0,"16,700","17,500","18,190","15,660",4.24K,-4.87
864,12/21/17,16642.4,820.24,314.66,10461.0,8728562.0,"15,290","16,580","17,200","15,080",4.62K,-8.44
865,12/22/17,15898.0,822.64,319.26,10476.0,8739038.0,"13,960","15,370","15,840","11,300",12.55K,-8.7
866,12/23/17,13948.7,681.32,269.27,10484.0,8749522.0,,,,,,
867,12/24/17,14608.2,721.77,291.01,10491.0,8760013.0,,,,,,
868,12/25/17,13995.9,698.87,277.49,10495.0,8770508.0,"13,790","14,170","14,170","13,790",0,-1.22
869,12/26/17,14036.6,763.37,273.11,10506.0,8781014.0,"15,810","13,910","16,070","13,790",2.33K,14.65
870,12/27/17,16163.5,774.97,286.59,10524.0,8791538.0,"14,945","15,760","16,570","14,460",2.77K,-5.47
871,12/28/17,15864.1,762.21,272.13,10542.0,8802080.0,"13,755","15,050","15,300","13,350",3.38K,-7.96
872,12/29/17,14695.8,740.39,250.35,10558.0,8812638.0,"14,550","13,580","15,010","13,580",4.79K,5.78
873,12/30/17,14681.9,753.82,245.09,10561.0,8823199.0,,,,,,
874,12/31/17,12897.7,712.21,216.97,10566.0,8833765.0,,,,,,
875,1/1/18,14112.2,755.76,231.67,10568.0,8844333.0,"13,580","13,720","13,780","13,530",0,-6.67
876,1/2/18,13625.0,772.35,228.99,10578.0,8854911.0,"15,055","13,750","15,280","13,060",3.14K,10.86
877,1/3/18,14978.2,886.0,255.69,10591.0,8865502.0,"14,995","15,060","15,530","14,650",2.52K,-0.4
878,1/4/18,15270.7,961.71,245.47,10604.0,8876106.0,"14,945","14,970","15,480","14,200",3.18K,-0.33
879,1/5/18,15477.2,975.75,241.03,10618.0,8886724.0,"16,775","15,000","16,790","14,850",3.57K,12.24
880,1/6/18,17462.1,995.15,249.77,10627.0,8897351.0,,,,,,
881,1/7/18,17527.3,1043.01,296.05,10640.0,8907991.0,"16,240","16,420","16,470","16,210",0,-3.19
882,1/8/18,16476.2,1158.26,287.73,10650.0,8918641.0,"14,940","16,480","16,540","13,960",5.13K,-8
883,1/9/18,15123.7,1146.0,254.61,10661.0,8929302.0,"14,790","15,010","15,430","14,250",2.78K,-1
884,1/10/18,14588.5,1300.34,248.07,10673.0,8939975.0,"14,445","14,790","14,790","13,490",4.46K,-2.33
885,1/11/18,14968.2,1268.09,251.52,10691.0,8950666.0,"13,320","14,450","14,990","12,820",5.99K,-7.79
886,1/12/18,13453.9,1158.29,229.79,10715.0,8961381.0,"13,800","13,240","14,090","12,870",3.00K,3.6
887,1/13/18,13952.4,1270.47,236.88,10727.0,8972108.0,,,,,,
888,1/14/18,14370.8,1397.48,260.58,10737.0,8982845.0,"13,700","13,620","13,720","13,620",0,-0.72
889,1/15/18,13767.3,1365.21,237.29,10751.0,8993596.0,"13,570","13,700","14,310","13,440",0,-0.95
890,1/16/18,13836.1,1292.63,232.82,10765.0,9004361.0,"11,055","13,650","14,300","10,930",9.95K,-18.53
891,1/17/18,11431.1,1061.34,190.15,10776.0,9015137.0,"11,055","10,850","11,700","9,200",5.25K,0
892,1/18/18,11198.8,1016.44,186.95,10782.0,9025919.0,"11,765","10,990","12,140","10,620",9.80K,6.42
893,1/19/18,11429.8,1028.82,191.19,10801.0,9036720.0,"11,400","11,680","12,090","11,030",7.10K,-3.1
894,1/20/18,11656.2,1044.95,194.38,10818.0,9047538.0,,,,,,
895,1/21/18,12889.2,1155.68,211.24,10826.0,9058364.0,"11,590","11,480","11,590","11,400",0,1.67
896,1/22/18,11633.1,1055.35,191.79,10840.0,9069204.0,"10,215","11,220","11,880","10,110",9.10K,-11.86
897,1/23/18,10944.5,1004.17,180.28,10849.0,9080053.0,"10,975","10,190","11,450","9,910",11.24K,7.44
898,1/24/18,10903.4,987.48,178.43,10860.0,9090913.0,"11,195","10,990","11,490","10,450",7.42K,2
899,1/25/18,11421.7,1063.22,181.56,10872.0,9101785.0,"11,300","11,250","11,730","10,840",7.26K,0.94
900,1/26/18,11256.0,1052.7,179.82,10882.0,9112667.0,"10,940","11,170","11,610","10,240",7.58K,-3.19
901,1/27/18,11174.9,1055.75,176.66,10889.0,9123556.0,,,,,,
902,1/28/18,11475.3,1111.78,181.42,10897.0,9134453.0,"11,700","11,530","11,710","11,530",0,6.95
903,1/29/18,11755.5,1246.7,193.75,10913.0,9145366.0,"11,170","11,560","11,760","10,950",5.97K,-4.53
904,1/30/18,11306.8,1184.13,181.44,10924.0,9156290.0,"10,115","11,200","11,240","9,680",8.11K,-9.44
905,1/31/18,10108.2,1071.09,165.3,10934.0,9167224.0,"9,955","10,110","10,320","9,520",5.18K,-1.58
906,2/1/18,10237.3,1119.37,163.68,10944.0,9178168.0,"9,080","9,970","10,190","8,460",8.64K,-8.79
907,2/2/18,9142.28,1035.77,142.56,10952.0,9189120.0,"8,500","9,160","9,260","7,700",10.31K,-6.39
908,2/3/18,8852.12,919.21,131.4,10958.0,9200078.0,,,,,,
909,2/4/18,9175.7,964.67,160.38,10959.0,9211037.0,"8,160","8,520","8,520","8,150",0,-4
910,2/5/18,8270.54,834.96,148.73,10976.0,9222013.0,"7,055","8,450","8,460","6,600",11.10K,-13.54
911,2/6/18,7051.75,707.74,127.52,10985.0,9232998.0,"7,580","7,290","7,770","5,880",9.88K,7.44
912,2/7/18,7755.49,790.43,142.48,10997.0,9243995.0,"8,265","7,780","8,560","7,190",6.45K,9.04
913,2/8/18,7637.86,755.84,138.34,11002.0,9254997.0,"8,280","8,190","8,660","7,560",4.28K,0.18
914,2/9/18,8271.84,818.48,149.73,11014.0,9266011.0,"8,600","8,200","8,730","7,700",3.91K,3.86
915,2/10/18,8720.08,882.47,163.49,11016.0,9277027.0,,,,,,
916,2/11/18,8616.13,859.29,155.39,11018.0,9288045.0,"8,070","8,300","8,380","8,070",0,-6.16
917,2/12/18,8141.43,817.51,150.1,11022.0,9299067.0,"8,835","8,320","8,900","8,010",3.27K,9.48
918,2/13/18,8926.72,869.29,161.78,11034.0,9310101.0,"8,685","8,840","8,970","8,340",3.29K,-1.7
919,2/14/18,8599.92,844.28,159.58,11038.0,9321139.0,"8,685","8,610","9,400","8,470",2.14K,0
920,2/15/18,9488.32,923.73,212.35,11046.0,9332185.0,"10,095","9,350","10,220","9,310",5.75K,16.23
921,2/16/18,10135.7,934.79,225.5,11056.0,9343241.0,"10,135","10,060","10,320","9,740",4.23K,0.4
922,2/17/18,10207.5,944.75,229.5,11058.0,9354299.0,,,,,,
923,2/18/18,11123.4,973.35,230.51,11066.0,9365365.0,"10,390","10,150","10,640","10,150",0,2.52
924,2/19/18,10552.6,921.67,215.41,11075.0,9376440.0,"11,210","10,390","11,270","10,330",0,7.89
925,2/20/18,11231.8,943.57,223.09,11084.0,9387524.0,"11,685","10,440","11,800","10,330",8.39K,4.24
